{"RunId":"2c79b56a","WorkbookPath":"C:\\Users\\jdekk\\source\\uva\\master-thesis\\spreadsheets\\Service invoice.xlsx","Count":1000,"WallTime":24626,"InsertionTime":{"Total":0,"Mean":0,"Std":0,"StdErr":0,"Conf95":{}},"CalculationTime":{"Total":21920,"Mean":21.92,"Std":579.7593746827625,"StdErr":18.33360118832489,"Conf95":{}},"ExtractionTime":{"Total":0,"Mean":0,"Std":0,"StdErr":0,"Conf95":{}},"InsertionTimes":[0,0,0,0,0,0,0,0,0,0,0,0,0,0,0,0,0,0,0,0,0,0,0,0,0,0,0,0,0,0,0,0,0,0,0,0,0,0,0,0,0,0,0,0,0,0,0,0,0,0,0,0,0,0,0,0,0,0,0,0,0,0,0,0,0,0,0,0,0,0,0,0,0,0,0,0,0,0,0,0,0,0,0,0,0,0,0,0,0,0,0,0,0,0,0,0,0,0,0,0,0,0,0,0,0,0,0,0,0,0,0,0,0,0,0,0,0,0,0,0,0,0,0,0,0,0,0,0,0,0,0,0,0,0,0,0,0,0,0,0,0,0,0,0,0,0,0,0,0,0,0,0,0,0,0,0,0,0,0,0,0,0,0,0,0,0,0,0,0,0,0,0,0,0,0,0,0,0,0,0,0,0,0,0,0,0,0,0,0,0,0,0,0,0,0,0,0,0,0,0,0,0,0,0,0,0,0,0,0,0,0,0,0,0,0,0,0,0,0,0,0,0,0,0,0,0,0,0,0,0,0,0,0,0,0,0,0,0,0,0,0,0,0,0,0,0,0,0,0,0,0,0,0,0,0,0,0,0,0,0,0,0,0,0,0,0,0,0,0,0,0,0,0,0,0,0,0,0,0,0,0,0,0,0,0,0,0,0,0,0,0,0,0,0,0,0,0,0,0,0,0,0,0,0,0,0,0,0,0,0,0,0,0,0,0,0,0,0,0,0,0,0,0,0,0,0,0,0,0,0,0,0,0,0,0,0,0,0,0,0,0,0,0,0,0,0,0,0,0,0,0,0,0,0,0,0,0,0,0,0,0,0,0,0,0,0,0,0,0,0,0,0,0,0,0,0,0,0,0,0,0,0,0,0,0,0,0,0,0,0,0,0,0,0,0,0,0,0,0,0,0,0,0,0,0,0,0,0,0,0,0,0,0,0,0,0,0,0,0,0,0,0,0,0,0,0,0,0,0,0,0,0,0,0,0,0,0,0,0,0,0,0,0,0,0,0,0,0,0,0,0,0,0,0,0,0,0,0,0,0,0,0,0,0,0,0,0,0,0,0,0,0,0,0,0,0,0,0,0,0,0,0,0,0,0,0,0,0,0,0,0,0,0,0,0,0,0,0,0,0,0,0,0,0,0,0,0,0,0,0,0,0,0,0,0,0,0,0,0,0,0,0,0,0,0,0,0,0,0,0,0,0,0,0,0,0,0,0,0,0,0,0,0,0,0,0,0,0,0,0,0,0,0,0,0,0,0,0,0,0,0,0,0,0,0,0,0,0,0,0,0,0,0,0,0,0,0,0,0,0,0,0,0,0,0,0,0,0,0,0,0,0,0,0,0,0,0,0,0,0,0,0,0,0,0,0,0,0,0,0,0,0,0,0,0,0,0,0,0,0,0,0,0,0,0,0,0,0,0,0,0,0,0,0,0,0,0,0,0,0,0,0,0,0,0,0,0,0,0,0,0,0,0,0,0,0,0,0,0,0,0,0,0,0,0,0,0,0,0,0,0,0,0,0,0,0,0,0,0,0,0,0,0,0,0,0,0,0,0,0,0,0,0,0,0,0,0,0,0,0,0,0,0,0,0,0,0,0,0,0,0,0,0,0,0,0,0,0,0,0,0,0,0,0,0,0,0,0,0,0,0,0,0,0,0,0,0,0,0,0,0,0,0,0,0,0,0,0,0,0,0,0,0,0,0,0,0,0,0,0,0,0,0,0,0,0,0,0,0,0,0,0,0,0,0,0,0,0,0,0,0,0,0,0,0,0,0,0,0,0,0,0,0,0,0,0,0,0,0,0,0,0,0,0,0,0,0,0,0,0,0,0,0,0,0,0,0,0,0,0,0,0,0,0,0,0,0,0,0,0,0,0,0,0,0,0,0,0,0,0,0,0,0,0,0,0,0,0,0,0,0,0,0,0,0,0,0,0,0,0,0,0,0,0,0,0,0,0,0,0,0,0,0,0,0,0,0,0,0,0,0,0,0,0,0,0,0,0,0,0,0,0,0,0,0,0,0,0,0,0,0,0,0,0,0,0,0,0,0,0,0,0,0,0,0,0,0,0,0,0,0,0,0,0,0,0,0,0,0,0,0,0,0,0,0,0,0,0,0,0,0,0,0,0,0,0,0,0,0,0,0,0,0,0,0,0,0,0,0,0,0,0,0,0,0,0,0,0,0,0,0,0,0,0,0,0,0,0,0,0,0,0,0,0,0,0,0,0,0,0,0,0,0,0,0,0,0,0,0,0],"CalculationTimes":[18337,51,5,4,4,4,5,3,3,3,3,4,3,3,4,3,3,3,3,3,4,3,4,3,4,4,3,4,3,4,4,3,3,3,3,3,3,4,3,3,3,4,3,3,3,3,3,3,3,4,3,3,3,3,3,4,3,3,4,3,4,3,4,3,3,4,5,3,3,3,4,3,4,3,3,3,3,3,4,4,3,3,3,4,4,3,3,2,3,3,3,3,4,4,3,3,4,4,3,3,3,3,3,3,3,3,4,3,4,3,4,3,4,3,3,4,3,4,4,3,3,3,3,37,4,4,3,3,4,3,4,3,3,4,4,4,4,3,4,4,4,3,3,3,4,4,3,4,3,3,3,3,4,3,3,4,3,4,5,4,3,3,4,4,4,3,4,3,3,3,3,4,3,3,4,4,3,4,3,3,4,3,3,4,3,3,4,3,3,3,3,3,4,3,3,3,4,4,3,4,3,4,3,4,4,3,3,4,3,3,3,3,4,4,3,4,3,4,3,3,3,3,3,3,4,3,4,3,4,4,3,4,3,3,3,4,27,3,4,4,4,3,2,3,3,4,3,4,3,3,3,3,4,3,4,3,4,4,4,4,4,3,3,3,4,3,4,4,3,3,3,3,3,3,4,3,4,3,3,3,4,3,3,4,3,3,4,3,3,4,3,3,4,4,3,3,4,3,4,3,3,4,3,4,3,4,3,4,4,3,4,3,3,3,3,3,4,3,4,4,3,4,4,3,3,4,3,4,3,4,3,4,3,4,3,4,4,4,3,3,4,3,2,3,3,3,4,3,28,3,3,4,3,3,4,3,3,3,2,3,3,3,3,3,3,3,3,4,3,3,4,4,4,3,4,3,3,3,4,3,3,3,4,3,4,4,3,4,3,4,3,3,4,3,3,3,3,2,3,3,3,3,3,3,3,3,4,3,3,4,3,3,4,3,4,3,4,4,3,2,3,4,4,3,3,3,3,3,4,3,3,3,4,3,3,4,3,3,3,3,3,3,4,3,3,3,4,3,4,4,3,3,3,3,4,3,3,3,3,3,3,5,18,4,4,4,3,3,3,3,3,3,3,3,4,3,3,4,3,4,3,3,3,3,4,3,3,3,3,3,3,3,4,3,3,3,4,3,4,3,3,4,3,3,3,3,3,3,3,3,3,4,3,4,3,3,4,4,4,3,3,3,4,3,3,3,3,3,3,4,3,3,3,3,2,3,4,3,3,3,3,3,3,3,3,3,3,4,3,3,3,3,3,3,3,3,4,3,3,3,3,3,3,3,3,3,2,3,3,3,3,3,3,27,4,4,3,3,3,3,3,4,3,3,3,4,3,4,3,3,3,3,3,4,3,4,3,3,3,3,4,3,3,3,4,3,3,3,3,3,3,3,4,3,4,3,4,4,3,3,3,3,3,3,5,3,4,3,3,3,4,3,3,4,3,3,3,3,4,3,3,3,2,3,4,3,3,4,4,4,4,4,3,3,3,3,3,3,4,3,3,4,3,3,3,4,3,4,3,4,3,4,3,4,3,4,3,2,3,3,4,3,4,3,3,4,26,4,3,3,3,3,3,4,3,3,3,4,4,3,3,4,3,4,3,3,4,3,3,3,3,3,3,3,3,3,3,4,4,4,3,3,3,3,3,4,3,4,3,3,4,3,3,3,3,3,3,4,3,3,3,4,3,3,3,3,4,4,3,3,3,3,4,3,3,3,4,4,3,4,3,4,3,4,3,3,3,3,3,3,4,3,3,3,3,3,2,3,3,4,3,3,3,3,3,3,3,4,4,3,4,4,3,3,5,4,3,3,3,3,27,5,3,4,4,4,5,3,3,3,3,4,4,4,4,3,3,4,4,3,4,4,4,3,4,3,3,4,3,4,3,4,3,4,3,3,3,4,4,3,4,4,3,2,3,3,4,3,3,3,3,3,4,3,3,3,4,4,3,4,3,4,3,4,3,3,3,3,3,3,3,4,4,3,4,4,3,3,4,3,3,3,3,3,3,3,4,3,4,3,3,3,3,3,3,3,3,4,3,3,3,3,4,3,4,4,3,4,3,4,4,4,3,5,19,5,4,3,4,4,4,4,4,4,4,4,4,3,3,3,3,4,4,4,4,4,4,4,4,4,3,4,4,4,4,4,4,3,3,3,4,4,3,3,3,3,3,4,4,4,3,3,4,4,3,4,4,4,4,4,4,4,4,3,3,4,4,4,4,3,4,4,4,4,3,3,3,3,4,4,3,3,4,4,3,4,3,3,4,4],"ExtractionTimes":[0,0,0,0,0,0,0,0,0,0,0,0,0,0,0,0,0,0,0,0,0,0,0,0,0,0,0,0,0,0,0,0,0,0,0,0,0,0,0,0,0,0,0,0,0,0,0,0,0,0,0,0,0,0,0,0,0,0,0,0,0,0,0,0,0,0,0,0,0,0,0,0,0,0,0,0,0,0,0,0,0,0,0,0,0,0,0,0,0,0,0,0,0,0,0,0,0,0,0,0,0,0,0,0,0,0,0,0,0,0,0,0,0,0,0,0,0,0,0,0,0,0,0,0,0,0,0,0,0,0,0,0,0,0,0,0,0,0,0,0,0,0,0,0,0,0,0,0,0,0,0,0,0,0,0,0,0,0,0,0,0,0,0,0,0,0,0,0,0,0,0,0,0,0,0,0,0,0,0,0,0,0,0,0,0,0,0,0,0,0,0,0,0,0,0,0,0,0,0,0,0,0,0,0,0,0,0,0,0,0,0,0,0,0,0,0,0,0,0,0,0,0,0,0,0,0,0,0,0,0,0,0,0,0,0,0,0,0,0,0,0,0,0,0,0,0,0,0,0,0,0,0,0,0,0,0,0,0,0,0,0,0,0,0,0,0,0,0,0,0,0,0,0,0,0,0,0,0,0,0,0,0,0,0,0,0,0,0,0,0,0,0,0,0,0,0,0,0,0,0,0,0,0,0,0,0,0,0,0,0,0,0,0,0,0,0,0,0,0,0,0,0,0,0,0,0,0,0,0,0,0,0,0,0,0,0,0,0,0,0,0,0,0,0,0,0,0,0,0,0,0,0,0,0,0,0,0,0,0,0,0,0,0,0,0,0,0,0,0,0,0,0,0,0,0,0,0,0,0,0,0,0,0,0,0,0,0,0,0,0,0,0,0,0,0,0,0,0,0,0,0,0,0,0,0,0,0,0,0,0,0,0,0,0,0,0,0,0,0,0,0,0,0,0,0,0,0,0,0,0,0,0,0,0,0,0,0,0,0,0,0,0,0,0,0,0,0,0,0,0,0,0,0,0,0,0,0,0,0,0,0,0,0,0,0,0,0,0,0,0,0,0,0,0,0,0,0,0,0,0,0,0,0,0,0,0,0,0,0,0,0,0,0,0,0,0,0,0,0,0,0,0,0,0,0,0,0,0,0,0,0,0,0,0,0,0,0,0,0,0,0,0,0,0,0,0,0,0,0,0,0,0,0,0,0,0,0,0,0,0,0,0,0,0,0,0,0,0,0,0,0,0,0,0,0,0,0,0,0,0,0,0,0,0,0,0,0,0,0,0,0,0,0,0,0,0,0,0,0,0,0,0,0,0,0,0,0,0,0,0,0,0,0,0,0,0,0,0,0,0,0,0,0,0,0,0,0,0,0,0,0,0,0,0,0,0,0,0,0,0,0,0,0,0,0,0,0,0,0,0,0,0,0,0,0,0,0,0,0,0,0,0,0,0,0,0,0,0,0,0,0,0,0,0,0,0,0,0,0,0,0,0,0,0,0,0,0,0,0,0,0,0,0,0,0,0,0,0,0,0,0,0,0,0,0,0,0,0,0,0,0,0,0,0,0,0,0,0,0,0,0,0,0,0,0,0,0,0,0,0,0,0,0,0,0,0,0,0,0,0,0,0,0,0,0,0,0,0,0,0,0,0,0,0,0,0,0,0,0,0,0,0,0,0,0,0,0,0,0,0,0,0,0,0,0,0,0,0,0,0,0,0,0,0,0,0,0,0,0,0,0,0,0,0,0,0,0,0,0,0,0,0,0,0,0,0,0,0,0,0,0,0,0,0,0,0,0,0,0,0,0,0,0,0,0,0,0,0,0,0,0,0,0,0,0,0,0,0,0,0,0,0,0,0,0,0,0,0,0,0,0,0,0,0,0,0,0,0,0,0,0,0,0,0,0,0,0,0,0,0,0,0,0,0,0,0,0,0,0,0,0,0,0,0,0,0,0,0,0,0,0,0,0,0,0,0,0,0,0,0,0,0,0,0,0,0,0,0,0,0,0,0,0,0,0,0,0,0,0,0,0,0,0,0,0,0,0,0,0,0,0,0,0,0,0,0,0,0,0,0,0,0,0,0,0,0,0,0,0,0,0,0,0,0,0,0,0,0,0,0,0,0,0,0,0,0,0,0,0,0,0,0,0,0,0,0,0,0,0,0,0,0,0,0,0,0,0,0,0,0,0,0,0,0,0,0,0,0,0,0,0,0,0,0,0,0,0,0,0,0,0,0,0,0,0,0,0,0,0,0]}