{"Count":1000,"WallTime":10567.6493,"InsertionTime":7634.6423,"CalculationTime":705.9413,"OutputTime":2220.2913,"AverageOutputTime":2.2202913,"AverageCalculationTime":0.7059413,"AverageInsertionTime":7.6346423,"CalculationTimes":[7404,4924,3926,4195,4116,4141,4352,4454,4965,5124,4741,4481,5229,6439,4531,5490,4794,5938,4680,7227,5595,6215,5125,5285,9596,4596,4841,4601,5779,4593,5113,6008,6126,4864,4351,4335,4538,5969,4604,4524,4628,6014,6851,4519,4718,5014,5779,5536,4753,5018,4598,5269,4779,4984,4272,4435,5150,4420,4617,4291,4693,4608,4309,4463,4891,4975,4757,4829,4863,4772,4808,4536,4997,4656,4437,5025,8678,6134,6301,4887,5136,5942,5002,5569,5919,5039,5665,6277,4840,4941,4756,5157,8361,4753,6306,4556,5682,6430,4960,4933,6410,6302,5393,5798,4854,5294,5080,5050,4937,5328,4945,6565,4875,5668,4864,5410,5224,4815,4736,5589,34235,5485,5030,5763,6922,6424,5896,5038,5107,5861,4912,7902,5037,5023,4614,6099,4847,5408,4713,4906,6836,4496,4928,4481,4862,4772,5020,4585,9557,5738,4929,4759,4735,5616,5143,5332,5080,4778,4933,4918,4899,7550,5755,5077,4934,5009,4850,4894,4721,4881,5437,5067,4864,4726,4854,5358,5546,6517,5304,6482,7400,7849,6431,5696,7506,6869,5557,5845,5727,5420,7240,5752,5435,5440,5618,6291,7182,5965,6781,5723,7122,6416,6616,6647,6564,7046,6400,7103,9683,6928,7182,6640,6317,6298,8248,6669,5723,7480,7315,7090,6696,8161,6976,6752,6154,6339,5624,7671,7290,5899,6017,5194,7368,6331,6739,6806,6869,7656,7471,7163,7809,7256,6296,6311,6727,6998,6994,7338,6623,7007,7263,8387,6314,6817,6618,6633,6956,6818,7763,6408,7174,6712,6940,6709,6572,6179,6288,6239,6270,6354,7063,6386,7477,6227,5668,6769,6487,6566,6539,6494,6657,5935,6459,6517,6614,6525,6988,7003,6501,6621,6689,6770,6228,6113,7656,6159,6102,6403,5703,5933,5981,5655,6181,6447,6556,6494,6211,6230,6757,6525,6419,6830,6525,6483,6617,17150,6373,6690,6585,6033,5971,5897,6280,6259,5967,6524,6193,6183,5946,6710,6674,6939,6763,7006,6665,6839,6752,6405,7187,6645,6851,6926,6876,6865,6688,6667,6619,6216,8271,6291,6745,7065,6419,6786,6634,8347,6197,6333,6543,6680,6474,6777,6651,7064,6890,7374,6809,7241,6188,6485,6975,5597,9323,6795,6479,7068,6420,6436,6626,7708,6379,6067,6652,6699,6926,6836,6163,5800,6332,6733,6294,6073,6584,6516,7288,8129,6243,6457,6966,6983,8355,6787,7159,6529,6673,7126,6510,6865,7209,6839,6714,6615,6842,6553,6389,6281,7341,7820,7039,6051,6948,6749,7527,6783,6934,6466,6321,6609,6234,6285,6048,6264,6203,7098,6583,6782,7153,6954,6624,6863,6501,6602,6663,6490,6602,6649,7378,6794,6909,6719,7154,6749,7018,6599,6878,7307,7387,6315,6364,6290,6948,6624,6683,6772,6804,6768,6975,7430,7018,6738,6794,6867,6684,7001,7702,7332,8140,7177,7414,7483,6952,7387,7656,7341,7718,8087,8271,7484,7382,8446,7124,7261,7122,6727,6986,6544,6693,7098,7193,6876,7393,7104,6192,6625,7041,6978,6838,7026,7019,7012,7156,7224,6941,7996,7939,7130,6746,7433,6755,10729,6891,6968,6685,7560,7349,7149,6707,7242,7177,10793,7087,6854,6703,7369,7081,6956,7266,7161,6681,6866,7512,7266,6986,7146,7057,7462,6588,6688,6317,6616,7477,7155,6669,7287,11984,7341,6873,8118,6933,7114,8505,7115,7166,6967,6819,7042,7033,9791,7179,7367,7114,7283,6836,7205,7128,7075,6703,6891,7484,7290,7896,7258,7099,6857,7317,7331,7424,6529,6946,7637,7809,7188,6946,6328,7240,6883,7300,7987,6795,6710,6885,6694,7098,7801,7098,6825,7130,7138,6986,6700,7828,7371,6938,7746,11167,7254,7498,8657,7799,7934,7478,7566,6942,6982,7044,7308,8537,6910,7469,7059,7471,6273,6634,7061,7141,8012,7047,7145,7095,7440,7241,7049,7685,7861,7034,7413,7497,7562,7273,7850,7406,7424,7254,6998,7433,7154,7122,7520,7475,7528,8048,7663,7710,7326,7535,7748,6838,7335,7195,7170,7624,7159,8297,7349,7358,8041,7805,7743,7249,7502,7582,7602,7667,7734,7723,7334,7141,7466,8772,7958,7261,7980,7258,7950,6918,8123,7379,8539,8020,7635,7529,7707,7197,7233,7517,8603,7881,7591,7991,7723,7796,8268,7643,7894,7523,7603,7350,7612,8205,8144,7577,7709,7007,7198,7780,7531,7322,7580,7804,7784,7340,8276,7284,7370,7937,7860,7426,7629,6587,8115,7326,7734,7636,7014,7845,7324,7059,7700,7547,7662,9436,7455,8207,7902,7354,9692,8045,7861,7938,7682,7629,7606,7320,7674,8131,8814,8679,8338,7242,8229,8104,7791,8011,8936,7052,7414,8045,8258,7269,7804,9622,7931,8230,7907,7841,7772,7706,8041,7648,8138,7737,7629,7209,7898,7566,7748,7763,7749,8772,8100,7851,7852,7845,7707,8256,7622,7802,7593,7703,7677,7975,7582,7993,8145,7795,8757,8260,8674,7647,7954,7280,7583,7941,7458,7819,7161,7378,7648,7924,7300,8066,7839,7453,8560,8518,8443,8236,7991,8845,8105,7720,7370,7933,8165,7600,8049,7825,8529,9779,8076,9251,8660,8538,7842,8881,9890,7551,7696,9208,7555,7203,8177,7933,7661,6740,8562,8329,7948,7812,8121,8064,8336,8170,7696,7796,7773,7730,8478,10644,8321,8230,8854,7853,7957,8202,7761,9569,8217,8368,8480,8094,8264,8302,9408,8217,8439,7745,7646,7781,8061,7371,7891,8262,8231,8404,8757,8361,7997,7938,9411,8434,8373,8611,7860,7927,7844,7606,7590,8307,8118,8240,7957,8952,8426,9339,8105,7913,8146,8373,8653,8407,8456,8029,8463,8329,8395,8055,8196,9147,8314,10117,8404,8226,8152,10130,8504,7362,8816,8404,8041,8474,9295,8658,8664,7961,8346,9594,8652,9460,8877,8187,8199,8049,8350,8039,8264,8327,8532,8678,8000,8674,8725,8629,8913,9668,8227,8759,9972,9188,8993,7693,8870,8309,8394,8306,8538,8828,8906,8365,8514,8878,8536,8991,8787,8801,8421,8547,8819,8353,8513]}