{"Count":10,"WallTime":204.2301,"InsertionTime":158.406,"CalculationTime":4.4975,"OutputTime":40.5607,"AverageOutputTime":4.05607,"AverageCalculationTime":0.44975,"AverageInsertionTime":15.8406,"CalculationTimes":[7325,4984,4315,4252,4126,4036,4059,3933,3959,3978]}