{"Count":1000,"WallTime":11389.7769,"InsertionTime":8239.9138,"CalculationTime":671.1058,"OutputTime":2471.6859,"AverageOutputTime":2.4716858999999998,"AverageCalculationTime":0.6711058000000001,"AverageInsertionTime":8.2399138,"CalculationTimes":[7735,4198,3992,3893,4447,4209,4308,4554,5098,4103,4169,4105,4049,3972,4162,4141,3956,4216,4288,4160,4389,4504,5894,4178,4586,4154,4083,4323,4046,4222,4614,4563,4024,4097,4557,4616,4233,4154,4179,3949,4460,4339,4680,4099,4113,4832,4661,4208,4341,4232,4059,4188,4148,4848,4526,4531,4226,4081,4206,4175,4375,4823,4774,4468,5085,4351,4246,4321,4493,5305,4114,4155,4070,5432,4599,6439,5564,4680,7163,4554,5772,5121,4645,6418,5231,6321,4591,4725,4505,4570,4373,4275,4800,4531,4551,4259,4474,4249,4390,5110,4922,5601,4738,4709,5638,4619,4762,4159,4762,4323,4823,4541,4646,4769,4888,5381,4544,4633,5065,5790,5022,5457,4762,11654,6697,5968,4758,5241,5009,6999,4804,4649,6290,4597,5155,6567,5117,4708,8321,5099,5085,4475,5690,5435,5108,6190,6792,5017,5428,4732,5821,7022,5091,5319,6342,5832,5658,4836,4878,6263,5328,5479,5582,5469,5651,9269,5738,6693,5511,5993,5197,6082,6168,5417,5878,5359,5722,5791,5505,5271,5641,5569,6965,5624,6429,6701,7112,5826,6953,6596,6193,5771,6402,5392,5442,5920,7008,5787,5817,7492,5744,6497,6356,9409,8244,6368,8253,5994,9618,7712,6752,7297,6241,5830,6114,6268,5956,9159,7073,6630,7405,8092,7059,8200,8403,6512,6747,9007,7716,7588,10007,6429,5799,7859,5591,5678,5891,6996,5464,6330,6896,6308,6405,8299,6283,6011,9111,6324,6441,6935,6501,6463,6811,6149,6284,5889,7408,8331,5808,6756,9940,6954,7106,9863,7249,6772,10522,6693,7318,10678,6519,6915,6385,6253,6740,7980,6596,6513,7354,7011,7872,7419,6342,9574,6594,6373,8634,6836,11320,6239,8827,10881,6768,8999,6288,9235,9282,6256,6642,7644,11384,5762,5759,6428,5465,5849,6394,6647,5929,8771,6308,6998,8217,5702,8237,7171,7761,7560,6215,6307,6595,6666,6434,6919,6838,7132,7537,6917,6485,6836,6231,9124,6156,7839,6010,5987,6442,6446,6058,6972,6534,8365,6761,6310,6585,6799,7644,7790,9481,8758,7553,7656,8271,5856,6563,7004,6087,6848,6499,6158,6714,8696,6167,7467,6928,7042,8388,7426,6467,6231,6331,6818,6493,6525,6182,6670,6363,7708,7348,6851,6838,7107,6984,34839,10547,16680,6802,11807,7493,14953,7968,7757,10377,7305,6924,8459,6454,7729,6975,9485,9817,9166,7330,8754,6890,6632,6621,6414,6677,6484,5987,6458,7927,6361,6137,7376,6298,6148,6273,6502,6624,5552,5518,5209,5449,5498,5319,5621,5648,5810,5765,6078,5191,5189,5031,5998,5768,5198,5037,5354,5545,5154,5334,5741,5602,5455,5731,5674,5226,5253,5553,5267,5213,5304,5229,5304,5698,5682,5490,5483,6494,5318,5426,5403,5708,6953,5719,5706,6042,5785,6233,5439,5361,5255,5461,5416,5297,6785,7434,5549,5252,5948,5631,5447,6207,5746,5426,5853,7739,5671,5806,6823,5590,5390,7915,5542,5789,5264,5783,5414,6331,5414,5672,5241,5325,5232,5365,5215,5839,5282,5383,7056,6828,6774,5317,5545,5458,5595,5760,5676,6459,5817,5841,5845,5372,7401,5662,5219,5296,5556,5398,5242,5699,5224,5605,5208,5473,6950,5814,8359,5494,5599,5615,5452,6247,5430,6038,5461,5721,5516,5668,5978,6201,6341,5859,6207,5994,5686,6242,6598,5979,5693,5918,5985,5693,6111,5581,5452,6071,5709,5465,5739,5527,5604,6543,5543,6587,5664,5632,5581,5735,5770,5572,5953,5641,5529,5560,5695,5473,5600,6195,6033,5558,5379,5677,5664,7346,6374,5761,5651,8537,8115,6798,6438,6466,6232,6406,6605,6092,6334,6979,6261,5863,5733,5780,5681,5874,5461,8292,6905,8003,7095,6600,6734,8886,6765,7322,5837,6781,6414,6921,6812,6648,7066,8186,7662,6876,7405,7224,5973,6736,8340,6739,6560,6241,7446,7142,7764,7412,7208,6108,6919,6409,6611,6586,6185,7462,6610,6444,7118,6861,6762,6892,7332,6641,6536,6538,6195,7715,9114,7010,9033,7275,5992,7474,6647,6944,5906,8568,6142,6657,6186,6324,6545,10595,6812,7468,7537,6350,7161,6380,7504,6385,6494,7119,9790,6622,6115,6368,6315,7125,6964,8732,8024,7398,7564,8283,7490,7041,9609,6205,7492,7572,7606,6751,7696,7594,7357,6581,7968,7454,7252,7235,7087,7127,7399,6719,7059,7811,6228,7047,6744,6594,6518,7298,7339,6449,9429,6628,8583,7397,7174,6776,6856,7098,6878,7143,7626,8083,7854,7733,7390,7142,8141,7341,6212,7576,10357,7956,8744,7151,8037,7192,6446,6800,6631,6844,6785,7974,6734,6985,6726,8162,6990,6874,8477,7530,6759,8047,6804,6551,6600,6630,7287,6622,6590,6670,7031,6655,7026,7139,7109,8029,6964,7352,6838,7471,8626,7659,7710,8724,8381,7696,7749,7810,7857,8224,7082,7074,8159,7666,7986,7309,7362,8740,9018,7787,8480,7095,7231,7638,11226,7731,8255,8049,7098,7839,7913,6699,8059,9321,8435,7988,8198,7150,8204,7780,8584,7729,8167,7431,7806,8110,7702,7987,8178,7996,8161,8023,8576,7148,7286,8278,9166,7651,7751,7178,15116,7768,7995,7842,7213,8592,7322,7731,9105,8909,7222,7232,7104,6897,10504,7256,7241,7352,8218,8227,7487,9456,8658,7194,7165,7396,7761,7832,8114,8402,7770,7190,7191,7533,6983,6987,8985,8094,7156,7678,7517,7090,7836,6856,8137,8012,8294,7583,8114,7867,8190,7189,7828,7277,7474,6622,7431,7854,7394,7237,7234,9614,8065,6833,8555,7459,7004,7059,7069,7562,7958,7104,7875,7116,7748,6996,7040,8469,8509,7549,7180,7188,8431,10309,7922,7937,7382,7581,7343,7167,7594,7319,7611,7454,7194,7370,8945,7613,7423,9415,7922,7921,8518,8671,8379,7204,11840,7616,8841,8576,8527,8688,8393,10758,8462,8376,10251,10882,9255,8438,8231,7655,7728,9187,7925,7510,7623,7164,7751,8206,8214,7575,7984,7485,7620,7886,8245,7433,7650,9117,8152,8891,8371]}