{"Count":10,"WallTime":201.8264,"InsertionTime":157.2984,"CalculationTime":4.4838,"OutputTime":39.285,"AverageOutputTime":3.9284999999999997,"AverageCalculationTime":0.44837999999999995,"AverageInsertionTime":15.72984,"CalculationTimes":[7348,4072,4742,3896,4139,4097,4236,3958,4104,4238]}