{"RunId":"848c9654","WorkbookPath":"C:\\Users\\jdekk\\source\\uva\\master-thesis\\spreadsheets\\Service invoice.xlsx","Count":1000,"WallTime":109377979,"InsertionTime":{"Total":78572274,"Mean":78572.274,"Std":38724.42703883959,"StdErr":1224.573905277428,"Conf95":{}},"CalculationTime":{"Total":6975004,"Mean":6975.004,"Std":4295.819195979803,"StdErr":135.8457307556942,"Conf95":{}},"ExtractionTime":{"Total":23766690,"Mean":23766.69,"Std":7266.166685688139,"StdErr":229.77636585211317,"Conf95":{}},"InsertionTimes":[1225597,79305,85994,76476,71814,88045,72344,100199,83316,79044,72499,78636,103278,76639,77131,93253,109561,80199,103897,85037,77503,114192,76080,89868,76788,84697,85251,76007,76197,86893,99740,81908,76500,75157,85289,69745,64925,65800,70323,77239,66750,69308,73348,66422,77202,70165,70297,66186,97568,71364,89680,65089,97598,66382,72498,85813,73719,108796,123481,71087,103325,66151,69478,80354,69375,84651,70494,69775,74466,67129,76385,68850,68472,70748,66002,81545,70982,82097,72148,66092,82924,73630,90804,71380,71760,70266,74325,83885,73978,86440,81308,98746,112410,90143,145481,101491,117862,129384,91771,93947,94353,105994,91128,101599,92685,90476,70945,70224,72612,71727,69869,83278,75340,68782,70349,85805,72053,74587,86784,83944,70396,70393,72236,75716,70083,88352,87560,107065,100575,80912,95253,78779,112333,101514,98867,91640,83862,82972,87747,80560,117883,77670,72940,69809,65811,66285,74993,77041,81622,72459,67038,71294,70891,66581,72202,71557,91835,104610,126805,86835,104113,112724,92787,83790,207745,120095,88290,118424,75021,65907,70964,92666,83176,80108,84495,85741,75626,68216,76025,94793,73303,67427,83249,74470,63319,63729,63957,64443,63254,99301,74755,67249,70114,62833,67445,70324,66899,68136,63316,68505,79960,67555,77437,62344,62671,65030,71563,64634,63473,62490,69202,78616,68863,88881,67777,67716,79155,64480,73061,75331,68141,75023,65008,65256,65187,65297,79203,61385,71654,79658,63392,60693,65690,85339,78822,79936,75055,66436,77339,61340,100005,70495,67357,72417,74231,66281,79899,69504,68551,80702,64167,62235,69704,64867,66072,62391,65214,73391,65206,83415,82683,91000,80946,72309,74152,88115,68581,89617,96846,73847,68498,79541,68526,88619,67314,63989,61379,66309,63679,61375,65530,73030,70985,80916,74887,109566,86001,140595,130492,144609,121000,132469,120954,100617,80737,92849,84266,74709,96430,86744,67331,74923,87233,66830,73380,69799,74237,104859,95085,74462,74005,76213,72795,76292,63129,60061,69107,65659,68043,71681,78746,63649,65503,69302,70363,66955,68875,72006,77219,68135,73655,71621,65120,98199,69111,65262,76366,69500,69824,74659,83186,70728,68125,96637,101891,89922,79630,73774,75153,75719,78410,93276,67698,79430,89587,78074,76647,85237,99438,73035,80599,71000,65932,70894,73273,66566,72287,79972,73500,65713,83926,79263,82154,81281,83402,101943,83110,94017,85596,85332,72474,65190,62361,72204,66972,66201,68124,62260,94993,67980,62531,65014,71210,67914,86710,86796,143906,90560,63247,68654,114406,79136,77579,80171,80745,70397,75781,83363,79791,121508,107860,82830,98273,70095,79074,69877,65798,64657,62819,64297,69461,68364,63136,65486,66651,66786,68843,87620,70715,70446,65537,87285,79462,73498,70800,74777,64926,76416,71980,74628,79167,65926,66806,74804,65422,62035,78981,66539,72773,81298,64666,63150,76490,66279,69475,80226,66670,70270,69558,82261,69266,75334,74269,76142,68185,76395,78629,78366,72012,65792,72861,66693,73193,76230,72343,74947,63498,83067,74250,67549,65859,64897,62297,68096,62738,62706,75597,71124,64063,82468,75240,71083,84936,63374,63378,69063,66997,71976,78034,72322,66905,66466,84275,74105,65949,62806,66644,66626,64364,67795,118020,116966,81808,88418,105022,67142,94640,81094,75016,75958,84158,86791,70144,86297,70702,80530,85397,80111,73771,78206,88121,83231,69573,63970,70535,66409,79685,85631,83221,68691,74408,85988,72718,70514,71064,71699,78085,97813,72510,94069,82529,70629,66472,65445,75523,66288,77879,75328,70667,68515,103878,75279,71176,78896,75116,68078,68475,68024,65635,68454,65583,68389,63522,66470,64035,68043,95805,70079,97310,73911,65887,68226,73431,80314,92007,73152,75071,69606,68888,68903,67072,67774,88468,66980,68278,67122,64575,66667,69613,70116,73216,64124,68369,65892,74150,86385,80208,69323,77914,71188,69042,65047,64984,72521,63793,74592,70700,62085,66649,66044,66384,79789,73546,67124,64722,66736,63388,110906,89901,105974,78240,114878,69520,116314,74653,73685,79904,89151,79249,90872,71662,77041,86134,71365,72048,71717,68776,68824,69036,81374,70932,81337,71833,65582,70618,71410,67316,68278,92537,73063,66022,92057,73850,68305,71193,67789,74002,80870,77892,77838,81836,85355,88199,70964,76829,71373,66791,73716,71499,72934,82056,76692,75348,69921,74592,66844,90671,92861,85565,75215,65552,93748,78697,67845,83725,82097,68115,66397,67343,79793,66198,75654,68003,84435,72816,64504,64755,75541,66527,63895,66752,66543,63009,91071,83318,71081,76403,76887,71128,69455,71963,80768,75211,82236,79609,74174,68821,81456,67842,69916,87207,78619,68900,87504,78882,73764,70446,65715,69118,77660,64627,78392,80249,70797,67274,74600,71216,103468,88616,70420,67910,80472,74511,66637,82108,74247,77315,95178,78131,67874,65786,70808,77461,82120,83082,71180,84019,85290,83445,91877,86200,67763,95361,79251,80678,87123,81215,81102,86901,72601,73096,81320,79011,84620,84094,90905,87795,88995,83027,82510,83976,93316,102230,81280,86634,89745,80873,88321,81609,78365,73204,77653,106663,92599,119347,88833,132493,100526,83019,78745,85137,78334,74225,71568,94219,66029,82517,77349,67277,63416,67830,72443,66138,90863,77777,69034,81833,81792,68474,74810,72083,91193,73339,72772,66560,63050,67496,65402,65659,85564,79958,73854,76036,68039,74077,85838,77532,68877,78329,69163,71789,71489,72002,70104,68391,71643,80023,65177,82662,66863,72919,70855,82409,76695,77008,75487,65296,76329,69853,67672,70830,75966,75025,65734,76532,77720,77093,72434,67823,66878,66799,69254,68597,67817,81448,70470,76674,100244,101590,93644,96580,93360,99941,100984,81918,72675,133269,105444,86077,109672,75442,78905,78094,84046,83998,91166,65411,72574,72762,66380,65867,65979,74090,80131,86636,72917,65159,73954,75482,68622,64466,70119,65577,66836,69722,66489,69415,101991,67580,65696,82151,73623,83417,69565,82421,68147,70563,67860,79529,68390,67644,66551,67419,71314,71449,66762,74005,69249,66191,65516,86361,70887,69272,75009,68107,79885,88073,65455,68272,71139,84692,68448,68046,83983,79979,71120,66536,66131,75863,95599,98682,89600,75582,77307,74829,72750,86876,78231,78630,97501,83811,64356,82316,80229,66666,72771,78246,66963,67421,68563,78070,66234,69591,70409,69767,78397,71686,69414,76342,69970],