{"RunId":"90d47c64","WorkbookPath":"C:\\Users\\jdekk\\source\\uva\\master-thesis\\spreadsheets\\Service invoice.xlsx","Count":1000,"WallTime":25793,"InsertionTime":{"Total":0,"Mean":0,"Std":0,"StdErr":0,"Conf95":{}},"CalculationTime":{"Total":22742,"Mean":22.742,"Std":613.1578867061968,"StdErr":19.389754872870604,"Conf95":{}},"ExtractionTime":{"Total":0,"Mean":0,"Std":0,"StdErr":0,"Conf95":{}},"InsertionTimes":[0,0,0,0,0,0,0,0,0,0,0,0,0,0,0,0,0,0,0,0,0,0,0,0,0,0,0,0,0,0,0,0,0,0,0,0,0,0,0,0,0,0,0,0,0,0,0,0,0,0,0,0,0,0,0,0,0,0,0,0,0,0,0,0,0,0,0,0,0,0,0,0,0,0,0,0,0,0,0,0,0,0,0,0,0,0,0,0,0,0,0,0,0,0,0,0,0,0,0,0,0,0,0,0,0,0,0,0,0,0,0,0,0,0,0,0,0,0,0,0,0,0,0,0,0,0,0,0,0,0,0,0,0,0,0,0,0,0,0,0,0,0,0,0,0,0,0,0,0,0,0,0,0,0,0,0,0,0,0,0,0,0,0,0,0,0,0,0,0,0,0,0,0,0,0,0,0,0,0,0,0,0,0,0,0,0,0,0,0,0,0,0,0,0,0,0,0,0,0,0,0,0,0,0,0,0,0,0,0,0,0,0,0,0,0,0,0,0,0,0,0,0,0,0,0,0,0,0,0,0,0,0,0,0,0,0,0,0,0,0,0,0,0,0,0,0,0,0,0,0,0,0,0,0,0,0,0,0,0,0,0,0,0,0,0,0,0,0,0,0,0,0,0,0,0,0,0,0,0,0,0,0,0,0,0,0,0,0,0,0,0,0,0,0,0,0,0,0,0,0,0,0,0,0,0,0,0,0,0,0,0,0,0,0,0,0,0,0,0,0,0,0,0,0,0,0,0,0,0,0,0,0,0,0,0,0,0,0,0,0,0,0,0,0,0,0,0,0,0,0,0,0,0,0,0,0,0,0,0,0,0,0,0,0,0,0,0,0,0,0,0,0,0,0,0,0,0,0,0,0,0,0,0,0,0,0,0,0,0,0,0,0,0,0,0,0,0,0,0,0,0,0,0,0,0,0,0,0,0,0,0,0,0,0,0,0,0,0,0,0,0,0,0,0,0,0,0,0,0,0,0,0,0,0,0,0,0,0,0,0,0,0,0,0,0,0,0,0,0,0,0,0,0,0,0,0,0,0,0,0,0,0,0,0,0,0,0,0,0,0,0,0,0,0,0,0,0,0,0,0,0,0,0,0,0,0,0,0,0,0,0,0,0,0,0,0,0,0,0,0,0,0,0,0,0,0,0,0,0,0,0,0,0,0,0,0,0,0,0,0,0,0,0,0,0,0,0,0,0,0,0,0,0,0,0,0,0,0,0,0,0,0,0,0,0,0,0,0,0,0,0,0,0,0,0,0,0,0,0,0,0,0,0,0,0,0,0,0,0,0,0,0,0,0,0,0,0,0,0,0,0,0,0,0,0,0,0,0,0,0,0,0,0,0,0,0,0,0,0,0,0,0,0,0,0,0,0,0,0,0,0,0,0,0,0,0,0,0,0,0,0,0,0,0,0,0,0,0,0,0,0,0,0,0,0,0,0,0,0,0,0,0,0,0,0,0,0,0,0,0,0,0,0,0,0,0,0,0,0,0,0,0,0,0,0,0,0,0,0,0,0,0,0,0,0,0,0,0,0,0,0,0,0,0,0,0,0,0,0,0,0,0,0,0,0,0,0,0,0,0,0,0,0,0,0,0,0,0,0,0,0,0,0,0,0,0,0,0,0,0,0,0,0,0,0,0,0,0,0,0,0,0,0,0,0,0,0,0,0,0,0,0,0,0,0,0,0,0,0,0,0,0,0,0,0,0,0,0,0,0,0,0,0,0,0,0,0,0,0,0,0,0,0,0,0,0,0,0,0,0,0,0,0,0,0,0,0,0,0,0,0,0,0,0,0,0,0,0,0,0,0,0,0,0,0,0,0,0,0,0,0,0,0,0,0,0,0,0,0,0,0,0,0,0,0,0,0,0,0,0,0,0,0,0,0,0,0,0,0,0,0,0,0,0,0,0,0,0,0,0,0,0,0,0,0,0,0,0,0,0,0,0,0,0,0,0,0,0,0,0,0,0,0,0,0,0,0,0,0,0,0,0,0,0,0,0,0,0,0,0,0,0,0,0,0,0,0,0,0,0,0,0,0,0,0,0,0,0,0,0,0,0,0,0,0,0,0,0,0,0,0,0,0,0,0,0,0,0,0,0,0,0,0,0,0,0,0,0,0,0,0,0,0,0,0,0,0,0,0,0,0,0,0,0,0,0,0,0,0,0,0,0,0,0,0,0,0,0,0,0,0,0,0,0,0,0,0,0,0,0,0,0,0,0,0,0,0,0,0,0,0,0,0,0,0,0,0,0,0,0],"CalculationTimes":[19393,48,4,4,3,5,3,2,3,3,3,4,3,3,3,3,3,4,4,3,3,3,3,3,3,3,3,3,2,3,4,3,3,4,4,3,3,3,3,3,3,4,3,4,4,3,2,3,3,4,3,4,4,3,3,3,2,3,4,3,4,3,4,3,3,4,4,3,3,3,3,2,3,3,3,4,3,3,4,3,3,3,3,4,3,3,3,3,3,3,4,4,3,3,3,4,3,3,3,4,3,3,3,3,3,3,2,3,3,3,3,4,3,3,2,2,3,3,4,3,4,3,3,3,3,3,4,3,3,4,4,3,3,3,4,3,3,4,3,3,4,3,4,3,3,3,3,3,3,3,4,3,3,3,3,3,3,4,3,3,3,3,4,3,4,3,4,3,3,3,3,3,2,3,25,3,4,3,3,3,4,3,3,4,3,3,3,3,3,4,3,3,4,3,3,3,5,3,3,3,3,3,3,4,3,3,3,3,3,3,3,3,4,4,3,3,3,4,3,3,3,3,3,3,3,4,3,3,3,3,3,3,3,3,3,3,3,3,4,3,3,3,3,4,3,3,2,3,3,3,2,3,3,3,3,3,3,4,3,4,3,2,3,3,3,3,3,3,4,3,5,4,3,3,3,3,3,3,3,2,2,3,4,3,3,3,22,3,3,4,3,3,3,4,3,4,4,3,4,3,3,3,4,3,3,3,3,3,3,3,3,3,3,3,5,3,3,3,4,4,3,4,3,4,3,3,3,3,2,3,3,3,3,3,2,3,3,3,4,2,3,3,3,3,3,3,3,3,3,3,3,3,4,3,3,4,3,3,2,3,3,3,3,4,3,4,3,3,3,3,4,3,4,3,3,3,3,3,3,2,3,3,3,3,3,3,3,3,3,4,3,3,3,3,3,3,4,3,2,3,23,3,3,3,3,3,4,3,3,3,3,3,3,3,3,3,3,4,3,4,3,3,3,3,3,3,4,3,3,3,3,3,3,3,3,3,3,3,3,3,3,3,3,3,3,3,4,4,3,3,3,3,2,3,4,3,3,4,3,4,3,3,3,4,3,3,3,3,3,3,3,4,3,3,3,3,3,3,3,3,2,3,3,4,3,4,3,3,3,3,3,3,3,4,3,3,3,3,3,3,3,4,3,3,3,3,3,4,3,3,3,4,3,4,13,3,4,4,3,3,3,4,3,4,3,2,3,3,4,4,3,3,3,2,3,3,4,3,3,3,3,3,4,3,2,3,2,3,4,4,3,3,3,3,3,3,3,3,4,3,4,3,3,3,3,3,3,3,3,3,3,2,3,3,3,4,3,3,4,3,3,4,4,2,2,3,4,3,3,3,2,2,3,3,4,3,3,3,3,3,4,3,3,4,3,3,3,3,3,3,3,3,3,3,2,3,3,3,3,4,3,3,3,3,3,2,3,3,10,4,3,2,3,3,3,4,3,3,3,4,3,3,3,3,3,3,3,3,3,3,4,3,3,4,3,3,4,3,3,4,3,3,3,3,3,3,3,4,3,3,3,4,3,3,3,4,3,4,3,2,3,3,4,3,3,3,3,2,3,3,3,3,3,3,3,3,3,3,3,4,3,4,3,4,3,4,3,3,3,3,3,4,4,3,4,3,3,3,4,3,3,3,3,3,3,3,3,3,3,3,3,4,3,3,3,4,3,3,4,3,3,3,10,3,3,3,3,3,3,3,3,3,4,3,3,3,4,3,3,3,3,3,4,3,3,3,3,3,3,4,3,3,3,3,4,3,3,3,4,3,3,4,3,3,4,3,3,4,3,4,3,3,3,3,4,3,3,3,3,2,3,3,3,3,3,3,4,3,3,3,3,4,4,3,3,3,3,4,3,3,3,3,3,2,3,3,3,4,3,3,3,4,3,3,3,3,3,3,3,3,3,3,3,3,3,3,3,3,3,4,3,4,3,4,3,3,12,2,3,3,3,3,3,4,3,4,3,3,3,3,3,3,3,3,3,4,3,3,3,3,4,3,3,18,6,4,4,3,3,3,4,3,3,3,3,4,3,3,3,3,3,3,4,3,3,3,3,3,3,3,4,4,3,3,3,4,4,4,3,4,4,4,4,3,3,3,4,3,3,3,4,3,4,3,3,3,3,3,5,4,3,4,4,3,4,4,3,4,4,3,4,4,3,3,4,4,3,4,4,4,4,3,3,4,3,4,3,3,3,3,18,4,3,4,3,3,3,3,3,3,4,4,3,3,3,3,3,4,4,3,3,4,4,4,3,3,3,4,3,5],"ExtractionTimes":[0,0,0,0,0,0,0,0,0,0,0,0,0,0,0,0,0,0,0,0,0,0,0,0,0,0,0,0,0,0,0,0,0,0,0,0,0,0,0,0,0,0,0,0,0,0,0,0,0,0,0,0,0,0,0,0,0,0,0,0,0,0,0,0,0,0,0,0,0,0,0,0,0,0,0,0,0,0,0,0,0,0,0,0,0,0,0,0,0,0,0,0,0,0,0,0,0,0,0,0,0,0,0,0,0,0,0,0,0,0,0,0,0,0,0,0,0,0,0,0,0,0,0,0,0,0,0,0,0,0,0,0,0,0,0,0,0,0,0,0,0,0,0,0,0,0,0,0,0,0,0,0,0,0,0,0,0,0,0,0,0,0,0,0,0,0,0,0,0,0,0,0,0,0,0,0,0,0,0,0,0,0,0,0,0,0,0,0,0,0,0,0,0,0,0,0,0,0,0,0,0,0,0,0,0,0,0,0,0,0,0,0,0,0,0,0,0,0,0,0,0,0,0,0,0,0,0,0,0,0,0,0,0,0,0,0,0,0,0,0,0,0,0,0,0,0,0,0,0,0,0,0,0,0,0,0,0,0,0,0,0,0,0,0,0,0,0,0,0,0,0,0,0,0,0,0,0,0,0,0,0,0,0,0,0,0,0,0,0,0,0,0,0,0,0,0,0,0,0,0,0,0,0,0,0,0,0,0,0,0,0,0,0,0,0,0,0,0,0,0,0,0,0,0,0,0,0,0,0,0,0,0,0,0,0,0,0,0,0,0,0,0,0,0,0,0,0,0,0,0,0,0,0,0,0,0,0,0,0,0,0,0,0,0,0,0,0,0,0,0,0,0,0,0,0,0,0,0,0,0,0,0,0,0,0,0,0,0,0,0,0,0,0,0,0,0,0,0,0,0,0,0,0,0,0,0,0,0,0,0,0,0,0,0,0,0,0,0,0,0,0,0,0,0,0,0,0,0,0,0,0,0,0,0,0,0,0,0,0,0,0,0,0,0,0,0,0,0,0,0,0,0,0,0,0,0,0,0,0,0,0,0,0,0,0,0,0,0,0,0,0,0,0,0,0,0,0,0,0,0,0,0,0,0,0,0,0,0,0,0,0,0,0,0,0,0,0,0,0,0,0,0,0,0,0,0,0,0,0,0,0,0,0,0,0,0,0,0,0,0,0,0,0,0,0,0,0,0,0,0,0,0,0,0,0,0,0,0,0,0,0,0,0,0,0,0,0,0,0,0,0,0,0,0,0,0,0,0,0,0,0,0,0,0,0,0,0,0,0,0,0,0,0,0,0,0,0,0,0,0,0,0,0,0,0,0,0,0,0,0,0,0,0,0,0,0,0,0,0,0,0,0,0,0,0,0,0,0,0,0,0,0,0,0,0,0,0,0,0,0,0,0,0,0,0,0,0,0,0,0,0,0,0,0,0,0,0,0,0,0,0,0,0,0,0,0,0,0,0,0,0,0,0,0,0,0,0,0,0,0,0,0,0,0,0,0,0,0,0,0,0,0,0,0,0,0,0,0,0,0,0,0,0,0,0,0,0,0,0,0,0,0,0,0,0,0,0,0,0,0,0,0,0,0,0,0,0,0,0,0,0,0,0,0,0,0,0,0,0,0,0,0,0,0,0,0,0,0,0,0,0,0,0,0,0,0,0,0,0,0,0,0,0,0,0,0,0,0,0,0,0,0,0,0,0,0,0,0,0,0,0,0,0,0,0,0,0,0,0,0,0,0,0,0,0,0,0,0,0,0,0,0,0,0,0,0,0,0,0,0,0,0,0,0,0,0,0,0,0,0,0,0,0,0,0,0,0,0,0,0,0,0,0,0,0,0,0,0,0,0,0,0,0,0,0,0,0,0,0,0,0,0,0,0,0,0,0,0,0,0,0,0,0,0,0,0,0,0,0,0,0,0,0,0,0,0,0,0,0,0,0,0,0,0,0,0,0,0,0,0,0,0,0,0,0,0,0,0,0,0,0,0,0,0,0,0,0,0,0,0,0,0,0,0,0,0,0,0,0,0,0,0,0,0,0,0,0,0,0,0,0,0,0,0,0,0,0,0,0,0,0,0,0,0,0,0,0,0,0,0,0,0,0,0,0,0,0,0,0,0,0,0,0,0,0,0,0,0,0,0,0,0,0,0,0,0,0,0,0,0,0,0,0,0,0,0,0,0,0,0,0,0,0,0,0,0,0,0,0,0,0,0,0,0,0,0,0,0,0,0,0,0,0,0,0,0,0,0,0,0]}