{"RunId":"2c79b56a","WorkbookPath":"C:\\Users\\jdekk\\source\\uva\\master-thesis\\spreadsheets\\Service invoice.xlsx","Count":1000,"WallTime":103593611,"InsertionTime":{"Total":0,"Mean":0,"Std":0,"StdErr":0,"Conf95":{}},"CalculationTime":{"Total":7220902,"Mean":7220.902,"Std":4154.899506402567,"StdErr":131.38945889341463,"Conf95":{}},"ExtractionTime":{"Total":0,"Mean":0,"Std":0,"StdErr":0,"Conf95":{}},"InsertionTimes":[0,0,0,0,0,0,0,0,0,0,0,0,0,0,0,0,0,0,0,0,0,0,0,0,0,0,0,0,0,0,0,0,0,0,0,0,0,0,0,0,0,0,0,0,0,0,0,0,0,0,0,0,0,0,0,0,0,0,0,0,0,0,0,0,0,0,0,0,0,0,0,0,0,0,0,0,0,0,0,0,0,0,0,0,0,0,0,0,0,0,0,0,0,0,0,0,0,0,0,0,0,0,0,0,0,0,0,0,0,0,0,0,0,0,0,0,0,0,0,0,0,0,0,0,0,0,0,0,0,0,0,0,0,0,0,0,0,0,0,0,0,0,0,0,0,0,0,0,0,0,0,0,0,0,0,0,0,0,0,0,0,0,0,0,0,0,0,0,0,0,0,0,0,0,0,0,0,0,0,0,0,0,0,0,0,0,0,0,0,0,0,0,0,0,0,0,0,0,0,0,0,0,0,0,0,0,0,0,0,0,0,0,0,0,0,0,0,0,0,0,0,0,0,0,0,0,0,0,0,0,0,0,0,0,0,0,0,0,0,0,0,0,0,0,0,0,0,0,0,0,0,0,0,0,0,0,0,0,0,0,0,0,0,0,0,0,0,0,0,0,0,0,0,0,0,0,0,0,0,0,0,0,0,0,0,0,0,0,0,0,0,0,0,0,0,0,0,0,0,0,0,0,0,0,0,0,0,0,0,0,0,0,0,0,0,0,0,0,0,0,0,0,0,0,0,0,0,0,0,0,0,0,0,0,0,0,0,0,0,0,0,0,0,0,0,0,0,0,0,0,0,0,0,0,0,0,0,0,0,0,0,0,0,0,0,0,0,0,0,0,0,0,0,0,0,0,0,0,0,0,0,0,0,0,0,0,0,0,0,0,0,0,0,0,0,0,0,0,0,0,0,0,0,0,0,0,0,0,0,0,0,0,0,0,0,0,0,0,0,0,0,0,0,0,0,0,0,0,0,0,0,0,0,0,0,0,0,0,0,0,0,0,0,0,0,0,0,0,0,0,0,0,0,0,0,0,0,0,0,0,0,0,0,0,0,0,0,0,0,0,0,0,0,0,0,0,0,0,0,0,0,0,0,0,0,0,0,0,0,0,0,0,0,0,0,0,0,0,0,0,0,0,0,0,0,0,0,0,0,0,0,0,0,0,0,0,0,0,0,0,0,0,0,0,0,0,0,0,0,0,0,0,0,0,0,0,0,0,0,0,0,0,0,0,0,0,0,0,0,0,0,0,0,0,0,0,0,0,0,0,0,0,0,0,0,0,0,0,0,0,0,0,0,0,0,0,0,0,0,0,0,0,0,0,0,0,0,0,0,0,0,0,0,0,0,0,0,0,0,0,0,0,0,0,0,0,0,0,0,0,0,0,0,0,0,0,0,0,0,0,0,0,0,0,0,0,0,0,0,0,0,0,0,0,0,0,0,0,0,0,0,0,0,0,0,0,0,0,0,0,0,0,0,0,0,0,0,0,0,0,0,0,0,0,0,0,0,0,0,0,0,0,0,0,0,0,0,0,0,0,0,0,0,0,0,0,0,0,0,0,0,0,0,0,0,0,0,0,0,0,0,0,0,0,0,0,0,0,0,0,0,0,0,0,0,0,0,0,0,0,0,0,0,0,0,0,0,0,0,0,0,0,0,0,0,0,0,0,0,0,0,0,0,0,0,0,0,0,0,0,0,0,0,0,0,0,0,0,0,0,0,0,0,0,0,0,0,0,0,0,0,0,0,0,0,0,0,0,0,0,0,0,0,0,0,0,0,0,0,0,0,0,0,0,0,0,0,0,0,0,0,0,0,0,0,0,0,0,0,0,0,0,0,0,0,0,0,0,0,0,0,0,0,0,0,0,0,0,0,0,0,0,0,0,0,0,0,0,0,0,0,0,0,0,0,0,0,0,0,0,0,0,0,0,0,0,0,0,0,0,0,0,0,0,0,0,0,0,0,0,0,0,0,0,0,0,0,0,0,0,0,0,0,0,0,0,0,0,0,0,0,0,0,0,0,0,0,0,0,0,0,0,0,0,0,0,0,0,0,0,0,0,0,0,0,0,0,0,0,0,0,0,0,0,0,0,0,0,0,0,0,0,0,0,0,0,0,0,0,0,0,0,0,0,0,0,0,0,0,0,0,0,0,0,0,0,0,0,0,0,0,0,0,0,0,0,0,0,0,0,0,0,0,0,0,0,0,0,0,0,0,0,0,0,0,0,0,0,0,0,0,0,0,0,0,0,0,0,0,0],"CalculationTimes":[6400,4311,4716,4281,7493,7229,4210,4505,4654,4871,5371,4288,4134,4717,4051,4323,3938,4056,3670,4888,4149,4655,4380,4396,3804,4353,4185,4210,4385,61564,4286,4208,4966,4175,3991,4188,5417,5025,5150,6016,4411,4128,6457,4827,4901,4786,4290,4920,4595,5261,4948,6250,4361,5896,5103,4503,4098,5301,6245,4684,4296,4324,4577,6327,4509,5200,4127,5646,4578,5203,4175,5875,4397,4524,8037,4793,4640,4836,5860,4848,4604,4261,6062,4537,4782,6098,4487,6463,4315,4357,4160,4436,4920,4642,5093,4596,5821,4736,4957,4997,5410,5863,5219,4918,5110,6316,5036,6852,4358,4792,4705,4349,4909,5272,5519,5495,5527,4760,5818,4441,4254,4921,4339,4765,5155,4999,6902,4900,4856,5223,4990,4657,4866,4515,5679,5189,4744,4594,4460,4498,6681,4667,5122,6120,4206,4660,4780,4412,5062,4648,4607,6741,4475,5557,4615,4785,4547,5044,4439,4608,4671,4517,4854,4785,4648,5415,6155,5374,5361,6788,5668,4830,5625,4595,5205,5561,5642,5903,7809,5900,5944,5900,6340,5836,6561,5948,4628,4884,4901,7844,6057,4807,4611,4567,6245,4364,4217,7817,5911,4144,4993,4413,5645,4315,5895,4433,7270,7071,6587,5477,4368,4360,4182,5642,5042,4345,4190,9147,9031,7730,5251,8691,9735,7023,8481,10181,6105,7615,5450,5212,8470,6007,8893,9732,8961,8581,6971,8223,7016,5140,4752,6657,5521,14527,6393,10578,7186,6005,5316,6053,6006,4942,4908,5247,6335,5022,6131,6235,7797,5446,4702,6609,4472,4647,5763,4351,4427,8114,5703,4842,10624,5958,5973,4776,4788,4819,6721,6473,6681,8068,7259,6615,6178,7605,6438,6130,5804,7105,5684,5048,4824,4824,4672,4562,7345,8830,9128,9114,8776,10001,9398,5941,5641,5780,12067,9479,8851,8525,8103,8194,7091,5677,4813,6602,6074,4619,4674,5152,4577,7734,9357,5395,10116,6293,5501,6347,4882,5368,5021,5108,8495,6060,5950,4832,5209,4824,9613,7567,10032,8911,9008,6628,5548,6908,6936,8058,7276,6522,6782,6604,6388,7346,7533,6521,6852,6427,6241,5470,5068,5279,5617,5136,5076,5683,4836,4685,4606,6244,8146,7766,4675,6626,7447,5179,8007,6402,9263,9698,7524,9513,12106,9846,5610,6026,7597,5754,6884,7046,6849,4846,6547,8046,4406,6485,5102,5767,8717,7421,9276,7054,6568,8077,8602,6149,5864,5691,5794,5919,4881,4698,5083,5089,4955,4860,6139,6222,4728,5636,6219,5843,5917,8347,9400,10317,9167,7159,5509,7022,6632,6200,8582,6150,8523,6573,5223,5799,5572,7317,5556,5130,6110,7349,6827,5713,8095,6844,5842,4994,6889,8766,11702,6408,5735,5202,9383,7298,6758,7590,6946,105311,7454,9776,10169,10302,9372,6493,6661,8574,7812,7633,6860,5027,4803,5484,6974,5513,7890,6317,7520,6474,5612,6073,5726,8075,6016,5301,6414,5781,7858,4632,4825,5403,6877,6591,5512,5667,4781,6806,5741,4888,5622,5395,5708,8818,4839,7401,6734,5601,8009,9027,7560,6219,5857,5581,6893,5116,4921,9969,10092,9716,9909,9896,9435,10026,10496,10081,7547,8181,9367,7813,7582,7470,8965,6842,4727,4821,4914,5606,4945,5858,7617,6306,9824,7417,5357,6856,5989,8888,6028,7399,9165,5893,7312,6585,5301,9400,8732,8096,6203,5211,11024,9020,8999,9532,8488,6107,9002,8012,9469,16745,10232,7884,7965,5512,5770,5240,5206,10587,8590,12747,10176,7677,6995,8081,6535,6458,9394,7302,4273,5658,4950,5898,6225,6598,5779,7653,9567,10355,10459,9333,15459,11919,5323,5422,5016,5038,5309,10666,12067,8672,6843,7295,7144,6986,6685,9085,9315,9662,9789,8493,9810,8040,15728,7274,10010,9374,7618,6540,6153,5480,5515,5176,6369,8092,8933,9766,10415,10289,10284,9421,10422,10714,9442,5577,5512,10170,6798,10282,9540,5721,13847,6589,11291,15780,12353,6717,5605,5520,5768,11260,9686,9846,12374,9904,7376,5457,5802,8231,5510,5477,7365,7162,5398,5383,7178,5501,5500,6541,7674,7918,9377,9783,7416,7129,7802,7512,6586,6495,5723,5197,18523,9647,5843,8069,5469,5836,5609,6715,7850,6579,6997,5712,5556,5550,6576,9095,9178,10240,10494,8769,9290,10361,9982,5983,10187,9835,9970,9210,8029,11462,7146,9259,13566,7786,6210,9367,16886,8436,8015,7331,5745,5513,6291,12927,8341,7249,8675,18703,10165,9836,9140,8748,9128,9926,10351,13904,9681,7308,8274,7297,6131,5965,6249,7851,9878,6038,6052,8519,11019,8918,7419,7966,8965,11047,10679,8594,11522,8424,9937,6749,8625,7838,8104,8455,8164,5942,5761,7862,7554,7561,6766,6651,6856,6699,6483,7253,8046,5895,5951,6395,6215,6728,6926,6282,7431,7904,6651,7655,8787,7966,8029,8381,8308,9890,8118,6874,7478,8525,7081,8084,8639,8145,8209,8028,6977,10349,7251,8359,7932,6785,6071,8614,6152,8188,6455,6385,6100,6226,7157,6374,9919,8796,6197,11702,14555,8385,5712,7638,10141,10698,10511,8837,8056,6073,11011,10224,10835,8313,7353,8213,8868,6051,6369,6024,6106,6091,8909,8922,10543,10895,10176,7625,10201,6654,7265,6737,8450,8837,6627,6679,5880,7790,10291,10637,9755,8629,11728,10890,8170,10533,7598,7151,7901,10303,9309,5667,6024,6041,6775,7841,8243,9176,8302,8381,7241,8433,7616,6955,6539,6704,8863,6611,8235,9705,7309,11033,9044,10249,10447,7816,7669,7205,7614,6696,6595,8107,7517,7634,8262,8347,7188,8508,7856,7810,7848,7928,7264,10524,6539,6802,6754,8280,7886,8533,9779,7503,8022,7534,7661,7392,7678,7352,6959,7813,7047,6540,7622,7667,7768,8012,9946,8336,6807,7464,7408,7386,6868,7407,7752,9028,7022,6374,7330,9375,8663,10920,11218,16594,11170,10914,10273,9713,14372,10398,8659,9486,7191,8836,7390,10979,10938,6526,6468,7192,8874,8852,8433,6691,8045,8921,7206,9489,8275,6760,6849,8943,8217,7890,6030,6483],