{"RunId":"e62a7ce5","WorkbookPath":"C:\\Users\\jdekk\\source\\uva\\master-thesis\\spreadsheets\\Service invoice.xlsx","Count":1000,"WallTime":109518545,"InsertionTime":{"Total":77017869,"Mean":77017.869,"Std":38698.425362841364,"StdErr":1223.7516600860665,"Conf95":{}},"CalculationTime":{"Total":7167342,"Mean":7167.342,"Std":3025.5629628679476,"StdErr":95.67670166910163,"Conf95":{}},"ExtractionTime":{"Total":25269616,"Mean":25269.616,"Std":33731.29299127748,"StdErr":1066.67714274911,"Conf95":{}},"InsertionTimes":[940447,87038,76199,72100,80891,79785,79677,81648,80865,91502,77908,78714,75910,77973,97352,79346,81363,106528,93877,75545,75848,79019,77558,94624,83952,75330,80647,96127,88243,67700,76653,70702,66708,64758,66785,95869,81598,65412,111124,105256,97940,70140,68393,100436,68397,80893,77048,79486,74096,78628,81812,72608,83966,74138,84038,90045,80992,81194,84720,76550,90154,82569,79378,74523,84715,78655,73298,85614,86599,72414,71810,81820,68357,74536,70348,65911,64719,76314,75554,81112,67415,89064,63647,81698,66743,83579,76378,72852,69630,80587,72236,67847,747491,69455,63123,68914,68617,69582,65760,64005,83680,77041,88585,75219,67557,62437,68247,73331,84352,68946,150088,65343,76490,67554,65103,80375,68384,65403,66654,66131,69247,65147,73759,67455,84283,68548,77259,67681,145773,65262,102972,67929,75949,77901,75366,63662,71130,74435,66505,72762,65152,72814,70798,71434,70821,70128,65684,68598,66297,61317,63065,69779,83621,76017,69698,64254,73876,79567,79186,67512,70277,74192,66929,82695,75340,75687,69229,69786,63044,64306,63729,66002,60520,62661,70256,72932,65669,62966,73637,64694,64319,64209,67612,71290,64804,65416,67939,74036,91434,65609,75419,95725,80212,82239,80100,88294,73963,76369,79794,67700,105499,85724,88731,80011,86662,65963,100817,84704,83294,78539,71421,83317,76617,90150,85901,75415,73184,72077,71956,71522,65437,86561,76306,63704,62849,76110,71777,79599,102782,76624,104318,91141,70021,121469,67515,82442,78117,74629,70752,87173,80470,83643,91605,69067,71117,70218,102231,82936,64261,71703,63140,68661,68746,61291,72733,69348,69960,72142,74946,75149,84451,87390,65348,68271,72316,83176,79184,73086,81894,79764,78690,76150,72233,76841,85442,69360,101317,88417,81297,73385,105491,74867,114722,106849,89262,77481,86297,76045,76643,83312,80191,108673,78689,97091,84602,80052,91768,82146,89283,80609,77036,84503,92547,109792,78818,75873,80016,76000,83405,68003,77592,72348,66280,109023,186190,171494,201069,142329,127659,199598,142552,165210,232675,94192,126973,331054,169007,109858,106700,105437,93048,93806,81969,76885,76359,77782,87835,96093,85686,81475,78037,77332,70008,76773,96541,89081,82026,80991,93146,109264,91767,118964,144053,102789,99644,92841,92215,83719,111452,89091,76096,79726,74586,70653,63918,79195,67490,75264,65825,64102,64701,70257,66096,72081,73381,81420,82630,70309,75685,66616,74107,80932,77147,74661,75079,67205,68178,68900,68948,80892,64079,77057,63494,67642,63924,95115,71707,65683,63561,92743,66944,70208,71530,64233,65633,73733,66628,65687,63362,67323,63629,68802,70495,71174,64481,74794,66599,74197,80827,64367,86388,76123,80292,63494,63150,68803,69108,82714,71632,65614,64789,77451,78044,66450,62239,65338,62805,63414,66537,64607,71548,68949,62557,65930,63572,69924,63513,66797,66185,62127,64647,63373,68803,66120,68291,79735,72251,65250,64058,66467,68884,67251,73725,64570,62997,66962,64640,61102,63565,65535,64313,72395,62405,69051,63648,84609,69814,64821,67278,67044,74455,64669,76899,73886,65954,66265,78782,64908,75852,68260,64575,62909,63787,70768,67148,68867,68450,65146,63982,65132,67146,63575,63154,69359,66189,64320,63160,92619,77152,69606,85946,67793,65753,67036,75483,66801,69774,66579,70444,71323,70421,65909,76340,83034,75751,82245,87498,71569,77959,64679,66645,78021,68375,79067,72007,68551,65159,65105,63919,80077,65126,69926,73250,71051,64134,68126,64428,68174,68373,70767,64428,67318,69194,69361,69704,71600,66823,64670,63511,69257,75221,71558,74311,69902,64082,99658,128880,94663,83426,108712,112129,79495,82325,71561,70878,64318,63062,70308,63860,75945,67619,74498,71967,66692,63295,68750,64240,64433,64484,63462,77558,63177,65226,86483,73973,88030,71742,71511,77518,84595,79107,70263,77053,80859,81401,66829,82337,70114,68067,68085,67518,72067,64785,63025,66393,63445,71641,64588,69676,64872,62602,70035,65268,66041,65141,65996,63600,61669,67368,64128,65007,64361,90953,98022,156691,142318,81044,84919,72092,67928,73972,66368,71190,66453,65687,82859,66473,87739,69047,68753,76097,68550,69408,75633,71330,71742,83531,84653,75901,84516,64937,70275,65660,67651,69324,75197,68961,70607,76395,72929,87290,68432,66859,67123,77133,66018,67834,81324,71188,66185,65324,66272,68018,71401,69635,65794,67479,68182,67639,88268,67400,65976,71147,72171,75288,65584,70625,67223,65931,76842,73004,65622,66721,70752,72122,66712,88100,67263,71749,71130,69870,75777,67245,65207,74676,66049,81671,87573,66613,69542,66114,64198,65785,68959,63705,70240,73828,69519,69884,73696,65866,68168,63227,67437,64760,66466,77124,65288,68853,76828,78359,63765,62853,63211,64265,64808,72916,71998,74723,66956,67681,68058,64890,82410,68159,66718,68473,66438,65524,67271,66015,64712,62681,75980,69169,65358,65554,67398,65666,65396,74798,73371,70015,68008,64605,75206,70847,70520,65733,65206,73852,64250,63513,67120,71047,65377,65848,73621,71721,72592,83904,67114,65035,66427,66077,64170,69927,73887,84316,64946,70319,68055,69490,66521,68472,66611,64455,79988,73973,66753,67702,77089,73631,72126,65835,68545,66835,74577,69605,62889,64936,72600,68283,65263,64803,65478,71816,81017,69761,69605,65990,65204,64193,67973,66772,68312,65015,71098,66071,81439,66290,67207,68031,76721,66686,71783,77163,68618,69325,69447,70817,86716,70104,80795,77128,68694,72204,78920,77971,79537,70831,68549,69937,70621,67646,67653,67805,67045,72316,80237,68202,68017,67976,71517,68024,80420,70739,73017,68099,70454,70328,83739,68673,65240,68192,75831,69858,66858,67746,67551,67479,67110,67552,68738,67875,69558,75079,71480,67932,69973,66597,68335,64284,66205,65171,71016,67070,85085,75752,80709,69869,71218,70854,76374,90023,90883,77414,81023,77847,74095,75079,73215,77540,70688,77031,67712,72109,77419,72891,71162,78479,68081,72514,70867,71479,78260,92700,70685,70408,76899,68872,72471,82297,100786,74968,73179,79673,66068,76339,66925,66874,85221,72058,69310,71400,69593,70405,73785,72640,69468,77452,69938,75554,68360,69499,70344,67506,93177,108407,74830,72687,70121,70722,67139,65152,84247,70070,74558,68468,67947,76354,70905,65183,82412,76905,69368,68923,65627,66920,68498,64934,78513,76356,79652,77661,90994,79139,82943,102551,74451],