{"Count":1000,"WallTime":46259.4959,"InsertionTime":24786.4908,"CalculationTime":13494.5195,"OutputTime":7973.5896,"AverageOutputTime":7.9735896,"AverageCalculationTime":13.494519500000001,"AverageInsertionTime":24.7864908,"CalculationTimes":[109807,114466,97893,100612,88487,109864,94867,97456,100059,94259,91427,103962,110849,93780,86963,123950,139313,145879,132489,151685,149168,123473,117373,134626,109457,120585,133654,153290,120269,128490,133216,119222,137594,124481,145387,125602,144071,117818,132439,123500,128529,123803,132190,152569,191531,119333,139814,128003,115909,112789,110869,123393,122069,152324,121001,122861,121364,131942,116003,133715,123989,152417,115645,131967,120441,112242,127082,131645,123017,143691,135424,147029,127023,128084,105661,126645,143764,141714,123233,145386,149874,160420,130297,137417,125973,139779,128307,119963,116358,133079,161649,145803,161015,134941,143912,126731,124238,126585,112817,116169,137847,139625,151112,137264,165667,157581,162321,146475,134106,279848,161872,148986,148022,140833,175851,160742,165607,133148,155717,172863,153258,137576,165599,161764,135607,182771,139057,152856,146733,163771,139402,140658,125947,148712,132101,157640,132805,114233,137314,147995,133410,140453,144062,122364,142007,122393,111175,115505,112025,129948,177579,139861,114546,115605,110613,145045,128005,137794,133278,123421,115683,132616,139511,119079,115078,128833,147347,121323,136240,125654,124482,124743,119423,135315,138118,109741,119605,104156,112546,131290,119094,119623,112796,146245,118429,122389,155059,166531,135352,133982,117141,131149,143293,119543,160786,125404,118779,121808,126469,112776,115761,111771,116316,145483,128295,148703,119116,117254,139280,149124,114856,128541,116387,116210,110382,108352,111254,111641,112212,110205,116928,109306,109547,115461,121748,176544,154542,108628,127992,118694,114754,123794,133393,128229,125366,119741,115452,120848,181405,131616,142629,111963,117110,113923,115104,121597,121550,122812,122372,113941,115744,142642,120367,145051,124536,124539,141889,124042,142578,149992,131178,152384,153125,169252,140541,131407,166305,124358,137995,116354,144260,124224,120922,115396,132171,112372,131008,138355,125258,113655,125385,151164,146819,127934,141725,134406,129865,118033,133365,174045,143942,140562,133610,132464,145494,121214,132016,133857,150429,141196,120589,111819,113340,105202,111153,124523,134188,148897,134200,109243,118831,150853,116805,141013,129903,140898,139917,139633,125851,122815,124125,124741,139600,139177,166668,135713,152294,142960,105635,109934,117678,119658,112352,126756,144426,139409,136181,133408,110654,129087,114866,125275,122859,155831,107351,125940,116392,139199,128910,153112,134712,139159,135925,128560,119534,159294,160160,147353,128025,138429,129730,123423,120951,122248,124115,136262,119160,143998,131711,147067,121975,128365,144422,126180,132137,121961,127411,128768,150174,138782,132451,140808,124744,150624,130313,127655,146889,152918,134265,131941,127997,143859,125525,139011,127909,137513,135483,123473,117462,113312,142524,123279,122661,117567,126117,133082,115076,131230,123703,126121,123132,124295,114112,126964,139941,130162,141009,133749,122254,158901,163986,144225,127272,128868,159594,121010,157479,123684,151874,157915,140778,129726,119810,117827,130360,117520,127451,132336,119682,144279,142774,129885,153692,122121,130275,160471,124714,150597,159424,121437,131219,135272,133203,127914,116381,136298,134753,118752,119987,133422,112101,147729,138164,143916,177179,150417,141574,142928,158945,134247,171212,188949,132447,140296,129133,143042,131832,123522,135671,139493,155861,135030,141448,125280,142487,116543,125136,140033,145556,120175,152423,129644,132055,124817,122889,129063,129914,127166,124044,124160,135670,123221,132873,136225,134540,152539,155798,147503,136886,170113,123761,130182,147036,143939,162293,122458,143830,123397,110353,126382,115485,109686,111478,112019,121082,124051,124220,119532,136786,139300,133535,122081,121852,158038,133897,130939,151744,115544,117193,132578,120325,135448,138611,122442,135943,125788,118394,127168,128140,140409,128283,189626,122989,119996,131111,150358,113294,115175,119634,122271,131038,114909,131643,142887,118912,152094,128085,145090,128811,138219,134400,131322,139967,164430,117798,126511,148259,123598,121330,119065,114696,119676,160221,142179,139175,184406,113043,112578,121850,129279,114808,124495,139520,126084,115515,112809,122318,135801,118361,150185,129885,149783,137765,152886,129506,114134,121273,116991,123558,116170,122115,147401,127565,119179,122003,112163,125869,127466,123573,112777,110218,135153,142918,159628,119753,148569,116369,117565,115877,109809,120751,130627,147253,122285,122440,129733,149543,121918,144562,125005,115404,137340,112927,120756,123358,137184,116390,125522,129585,115128,118422,135033,115352,139571,118078,111724,127699,136347,114447,131171,137949,148233,125192,124466,134447,118523,130661,110155,126267,113044,124725,131416,127283,144226,122514,132639,118981,120930,111905,137614,117678,154252,129313,141237,112730,125302,147521,124172,146557,139575,137996,131361,138466,133967,150643,128320,149836,122496,147718,130608,131414,135368,135310,120543,146836,145196,139531,134386,152502,150210,125422,137541,154252,126755,140635,135123,126463,151973,113396,126711,133973,125395,153509,124950,154992,145364,128179,113558,132394,157069,152704,139410,135647,137613,120471,123675,149938,128439,137834,127563,120999,128913,137863,164460,137277,146046,142477,150580,121606,124945,130757,134007,143174,153209,153493,168110,145228,134253,142444,182586,162221,162601,172502,150061,152948,161323,154786,176610,171399,156493,173515,152051,191665,167017,156601,173163,179523,166617,188776,258232,191261,209954,224444,284320,215478,169955,157143,193696,208080,154121,165262,178567,164885,147876,143492,144614,144004,125150,145001,133040,187029,178069,161823,145729,153471,179726,143114,135669,137065,129982,127345,134487,133159,131150,126649,149824,183438,165789,150546,150492,150297,142557,184887,133736,131624,139732,143061,158235,129624,130373,125293,138849,169848,137922,120437,138635,121220,135449,244787,230972,133873,157445,150006,187589,168888,180307,151974,148124,217105,225063,186131,167498,146394,153866,177143,205909,169883,152132,161440,167494,137294,151262,149720,133143,145006,130531,124283,132264,137766,134152,132684,125895,131619,125742,138848,127830,141274,132919,161084,134633,134677,126511,120893,121918,124708,118561,132302,132490,114933,117916,124738,133266,113421,135009,120580,138189,152594,120599,120832,125428,114723,138558,135134,118731,138744,118842,131032,122461,149946,153177,141439,117809,125444,123778,142722,125943,137973,140973,142606,125366,131786,123299,114427,121039,119478,122104,120439,153669,133479,167509,116797,115258,135275,118113,132349,136078,136049,136197,136622,131503,119183,130890,144345,115631,115039,122371,134554,121470,119384,125885,136362,143268,141417,148223,123768,118523,136850,121285,125232,153092,117437,147704,131229,132391,126721,151363,144865,128321,173659,115081,119896,128364,108230,121833,116108,120824,128602,124625,114512,139652,113542,121576,121959,115032,147134,120536,120521,139588,133898,112116,123723,128591,155586,129374,145080,111587,126253,124413,118712,118578]}