{"Count":1000,"WallTime":37715.1091,"InsertionTime":19070.8387,"CalculationTime":12564.0692,"OutputTime":6076.0906,"AverageOutputTime":6.076090600000001,"AverageCalculationTime":12.5640692,"AverageInsertionTime":19.0708387,"CalculationTimes":[153490,137847,127496,120884,132369,133824,131213,145175,139854,161755,138792,140488,128033,112487,116606,130784,120755,123259,134359,141758,144110,127971,121773,146382,117033,127638,166030,121809,144520,116555,134055,116845,119004,126068,116234,107469,119917,108964,114549,134052,111821,122762,140358,129094,138858,131692,119791,150672,141184,126257,120520,128654,131998,126782,127089,122140,122765,133624,116700,131343,128510,114433,112378,121599,118966,113421,113357,115033,104341,110849,123448,127842,105902,112719,109533,120865,114493,132365,134520,126067,129163,170687,132105,127478,122018,115356,146506,125859,126940,123350,126704,130762,148854,162412,159314,137187,121351,138276,171647,166699,152423,120717,140049,128616,136633,143248,131808,132791,124589,139899,142781,136975,145369,137904,132944,127448,144253,130331,140988,128776,122849,126884,125892,109712,116343,119535,116262,106152,131621,117917,114577,112311,142598,131641,113488,111915,109581,120495,118428,111944,110552,142811,125967,120692,123064,129609,141961,112085,129371,122420,118488,108475,113872,121286,113723,118168,127409,109554,121104,111265,109620,133491,118041,118695,121204,113087,112244,117702,104555,106719,121375,115869,134882,115383,124837,121825,105135,114816,130718,116947,114620,120409,131073,107792,112189,113413,117711,119771,125883,118870,112649,136288,116677,113685,117934,139082,111542,110665,108916,137256,116512,117006,125460,111734,109572,111430,118579,112924,109431,122675,107377,121420,107769,136128,110354,110449,146520,113655,114033,114311,123223,140774,114790,118373,155875,130033,145653,131788,115057,115261,120345,112254,112436,116032,116970,130490,119702,125228,122901,113523,131882,125910,131063,152781,117364,123892,116824,136469,114102,114180,119311,118160,119383,145916,112154,128785,112710,122447,117016,111544,127242,112999,109700,117219,116963,146327,118333,125918,110678,106783,112381,115343,120418,125035,119907,117779,115808,115958,111427,113457,177116,116260,135557,124762,117813,119604,131905,118023,127399,115981,115160,138143,129240,113590,157319,113593,129696,121221,124018,115998,109692,112515,117737,107125,126038,132970,121285,112890,128261,114709,136344,127028,150676,121818,112458,136234,114368,131927,119280,134075,108340,120555,121587,111022,116985,133073,116733,118916,123326,107419,120471,123380,110395,117565,118816,113595,117638,122745,109983,123554,118476,156078,112261,125730,118351,124946,123510,124145,129217,120861,108191,127134,125097,128970,126108,144788,149116,121123,109879,126745,113676,120847,128615,113840,118274,118964,132170,129602,128577,114119,126894,120075,133448,131871,146749,132652,129109,118727,116571,115806,115804,128476,132445,124838,122005,116187,115924,140926,103784,118347,130613,109861,121502,115162,106914,119922,115121,136774,110859,115129,117465,126100,132449,122659,130606,144818,127450,128286,110321,126233,123853,117232,116560,127421,141489,151972,144288,132545,137944,148661,157053,124135,132513,150921,143879,122274,127171,129849,122833,129345,135856,122056,156782,131085,128442,130613,130657,116878,122825,114583,144254,117767,124942,144625,132365,126644,125351,130985,131802,129159,157650,129012,137704,125621,144905,156595,136882,140433,140644,140105,155121,127420,119798,117059,115838,141101,131814,127570,123151,112428,128688,118109,115421,114848,128887,118483,113610,118807,121979,124814,119624,123792,142555,117833,119065,137068,125696,130823,123488,115258,132925,120170,133839,152053,119577,145698,111160,125568,130604,116288,121363,132318,114678,116241,127181,119200,119875,135919,118756,123243,125428,131904,130852,116450,124818,153563,129826,121897,124678,118115,123080,117524,118006,138485,122976,161571,111597,188048,148151,131974,123431,130776,122962,151040,143135,128023,130823,153459,145016,138342,127484,139321,125096,132158,123444,123816,127536,129487,128236,128383,130278,118128,117336,122466,142538,118446,118554,134245,150290,162773,135035,138139,144206,144850,173920,137678,151458,131093,129650,146576,135343,125654,124428,120280,136462,207337,140818,126454,143715,140651,121112,141439,128383,161820,129455,162104,131689,123514,129397,132964,147941,132743,136563,116392,126186,138867,143424,128513,119383,117504,134883,125949,120540,144208,129396,138947,118783,130181,118669,119008,133056,133815,120166,116601,129205,111265,129186,121595,123017,149306,152724,134689,142151,157419,145485,149615,149576,148811,152244,133725,134558,185422,130080,118288,122373,127177,134730,137643,127229,120949,122283,121371,135491,141342,139814,117212,178956,126101,127188,128318,154644,134458,126914,126520,181774,141366,120223,120829,114465,114724,122865,116908,121852,120094,116538,127574,149861,118301,114983,119107,118355,120614,130522,124361,133653,125997,127651,125246,126780,128691,114263,125154,117433,114293,133954,115550,128487,114438,114689,127253,121445,117685,121594,155317,130093,135834,131004,117446,134238,120739,114463,120162,133252,127463,114681,126761,122011,114351,114513,115767,127813,115301,120310,117757,122401,115352,109650,112706,111579,114038,117911,118522,121285,116416,116399,145798,115736,136729,138990,150001,136446,112986,119109,140809,125415,114393,127603,116950,118476,142510,111520,128707,133345,128992,121520,107064,126102,120098,110433,124680,115769,114609,136628,135245,121274,117225,118301,124561,117002,119434,111389,144720,111468,114607,111313,116582,138172,128359,112883,117018,139286,122523,111821,130241,128683,124588,118922,112632,119892,118328,111405,137403,120483,118185,127007,116363,119395,147909,130732,110808,113520,120034,136925,121297,117112,119286,117909,114466,112202,116490,106489,116607,115033,121238,122769,120361,119317,111956,115934,115018,138771,117436,113667,123578,128518,114889,143855,117000,114254,111306,125961,123692,119516,112949,112478,141269,129879,130273,118536,115290,112759,106317,138643,106431,123152,118361,128944,126583,110978,117169,111373,109639,125373,124523,126098,109691,115690,112560,127859,146945,155891,115397,142232,116997,121523,113220,133019,130692,112860,125771,133155,110216,123053,113303,108592,114649,117459,130549,117141,118684,126203,121456,118080,113825,115399,108630,123051,124789,135471,128152,113814,121912,125894,125903,120611,140180,115197,130366,111562,108196,129001,133967,118216,131433,116771,125674,112871,119398,122387,118251,112531,129163,118910,116509,148354,125669,116222,114713,124580,137355,106959,121435,117309,113964,129602,154000,129882,134702,124898,115631,126294,119120,113131,113305,129450,122568,127389,109088,128835,127329,146119,127036,116819,121916,115256,122978,125744,118832,119589,110545,116336,114185,149263,128826,112200,116509,109735,123885,119962,128796,120013,117470,118473,117108,153358,121574,122317,129499,114581,140278,144479,113387,143533,129663,119127,112728,138723,112989,122040,118261,109705,114493,109597,112971,115114,125713,125425,120177,146588,117555,119895,143941,121185,114038,124726,121744,120235,115039,143250,120747,126109,141077,123877,119470,122954,137855,133290,126123,126313,120064]}