{"RunId":"6e8297a7","WorkbookPath":"C:\\Users\\jdekk\\Downloads\\cp2022-p-scenarioset-20k-2025q3.xlsx","Count":10,"WallTime":4038383,"InsertionTime":{"Total":23481044,"Mean":2609004.888888889,"Std":378943.3073922287,"StdErr":126314.43579740956,"Conf95":{},"Quartile25":2332863,"Quartile50":2611040,"Quartile75":2885905,"IQR":553042,"Min":2049915,"Max":3158969,"Outliers":[]},"CalculationTime":{"Total":316919,"Mean":35213.22222222222,"Std":2764.513509542763,"StdErr":921.504503180921,"Conf95":{},"Quartile25":32969,"Quartile50":34819,"Quartile75":36911,"IQR":3942,"Min":31794,"Max":39996,"Outliers":[]},"ExtractionTime":{"Total":229720,"Mean":25524.444444444445,"Std":2972.2839329003846,"StdErr":990.7613109667949,"Conf95":{},"Quartile25":23163,"Quartile50":25227,"Quartile75":25928,"IQR":2765,"Min":22739,"Max":31465,"Outliers":[]},"InsertionTimes":[1907657,2049915,2195298,2332863,2473835,2611040,2750123,2885905,3023096,3158969],"CalculationTimes":[99236,34819,39996,32969,32960,36911,33707,38553,31794,35210],"ExtractionTimes":[224335,31465,29047,25385,23163,23067,22739,25928,25227,23699]}