{"RunId":"78cbac3e","WorkbookPath":"C:\\Users\\jdekk\\Downloads\\cp2022-p-scenarioset-20k-2025q3.xlsx","Count":1000,"WallTime":67791,"InsertionTime":{"Total":0,"Mean":0,"Std":0,"StdErr":0,"Conf95":{},"Quartile25":0,"Quartile50":0,"Quartile75":0,"IQR":0,"Min":0,"Max":0,"Outliers":[]},"CalculationTime":{"Total":23010,"Mean":23.172205438066467,"Std":2.8090351184103017,"StdErr":0.08914203505280699,"Conf95":{},"Quartile25":21,"Quartile50":23,"Quartile75":26,"IQR":5,"Min":18,"Max":101,"Outliers":[101,50]},"ExtractionTime":{"Total":0,"Mean":0,"Std":0,"StdErr":0,"Conf95":{},"Quartile25":0,"Quartile50":0,"Quartile75":0,"IQR":0,"Min":0,"Max":0,"Outliers":[]},"InsertionTimes":[0,0,0,0,0,0,0,0,0,0,0,0,0,0,0,0,0,0,0,0,0,0,0,0,0,0,0,0,0,0,0,0,0,0,0,0,0,0,0,0,0,0,0,0,0,0,0,0,0,0,0,0,0,0,0,0,0,0,0,0,0,0,0,0,0,0,0,0,0,0,0,0,0,0,0,0,0,0,0,0,0,0,0,0,0,0,0,0,0,0,0,0,0,0,0,0,0,0,0,0,0,0,0,0,0,0,0,0,0,0,0,0,0,0,0,0,0,0,0,0,0,0,0,0,0,0,0,0,0,0,0,0,0,0,0,0,0,0,0,0,0,0,0,0,0,0,0,0,0,0,0,0,0,0,0,0,0,0,0,0,0,0,0,0,0,0,0,0,0,0,0,0,0,0,0,0,0,0,0,0,0,0,0,0,0,0,0,0,0,0,0,0,0,0,0,0,0,0,0,0,0,0,0,0,0,0,0,0,0,0,0,0,0,0,0,0,0,0,0,0,0,0,0,0,0,0,0,0,0,0,0,0,0,0,0,0,0,0,0,0,0,0,0,0,0,0,0,0,0,0,0,0,0,0,0,0,0,0,0,0,0,0,0,0,0,0,0,0,0,0,0,0,0,0,0,0,0,0,0,0,0,0,0,0,0,0,0,0,0,0,0,0,0,0,0,0,0,0,0,0,0,0,0,0,0,0,0,0,0,0,0,0,0,0,0,0,0,0,0,0,0,0,0,0,0,0,0,0,0,0,0,0,0,0,0,0,0,0,0,0,0,0,0,0,0,0,0,0,0,0,0,0,0,0,0,0,0,0,0,0,0,0,0,0,0,0,0,0,0,0,0,0,0,0,0,0,0,0,0,0,0,0,0,0,0,0,0,0,0,0,0,0,0,0,0,0,0,0,0,0,0,0,0,0,0,0,0,0,0,0,0,0,0,0,0,0,0,0,0,0,0,0,0,0,0,0,0,0,0,0,0,0,0,0,0,0,0,0,0,0,0,0,0,0,0,0,0,0,0,0,0,0,0,0,0,0,0,0,0,0,0,0,0,0,0,0,0,0,0,0,0,0,0,0,0,0,0,0,0,0,0,0,0,0,0,0,0,0,0,0,0,0,0,0,0,0,0,0,0,0,0,0,0,0,0,0,0,0,0,0,0,0,0,0,0,0,0,0,0,0,0,0,0,0,0,0,0,0,0,0,0,0,0,0,0,0,0,0,0,0,0,0,0,0,0,0,0,0,0,0,0,0,0,0,0,0,0,0,0,0,0,0,0,0,0,0,0,0,0,0,0,0,0,0,0,0,0,0,0,0,0,0,0,0,0,0,0,0,0,0,0,0,0,0,0,0,0,0,0,0,0,0,0,0,0,0,0,0,0,0,0,0,0,0,0,0,0,0,0,0,0,0,0,0,0,0,0,0,0,0,0,0,0,0,0,0,0,0,0,0,0,0,0,0,0,0,0,0,0,0,0,0,0,0,0,0,0,0,0,0,0,0,0,0,0,0,0,0,0,0,0,0,0,0,0,0,0,0,0,0,0,0,0,0,0,0,0,0,0,0,0,0,0,0,0,0,0,0,0,0,0,0,0,0,0,0,0,0,0,0,0,0,0,0,0,0,0,0,0,0,0,0,0,0,0,0,0,0,0,0,0,0,0,0,0,0,0,0,0,0,0,0,0,0,0,0,0,0,0,0,0,0,0,0,0,0,0,0,0,0,0,0,0,0,0,0,0,0,0,0,0,0,0,0,0,0,0,0,0,0,0,0,0,0,0,0,0,0,0,0,0,0,0,0,0,0,0,0,0,0,0,0,0,0,0,0,0,0,0,0,0,0,0,0,0,0,0,0,0,0,0,0,0,0,0,0,0,0,0,0,0,0,0,0,0,0,0,0,0,0,0,0,0,0,0,0,0,0,0,0,0,0,0,0,0,0,0,0,0,0,0,0,0,0,0,0,0,0,0,0,0,0,0,0,0,0,0,0,0,0,0,0,0,0,0,0,0,0,0,0,0,0,0,0,0,0,0,0,0,0,0,0,0,0,0,0,0,0,0,0,0,0,0,0,0,0,0,0,0,0,0,0,0,0,0,0,0,0,0,0,0,0,0,0,0,0,0,0,0,0,0,0,0,0,0,0,0,0,0,0,0,0,0,0,0,0,0,0,0,0,0,0,0,0,0,0,0,0,0,0,0,0,0,0,0,0,0,0,0,0,0,0,0,0,0,0,0,0,0,0,0,0,0,0,0,0,0,0,0,0],"CalculationTimes":[37814,102,42,28,26,26,28,25,25,26,26,28,27,27,27,26,25,25,25,25,26,25,28,27,25,26,25,25,26,25,26,26,27,30,26,27,26,25,25,26,27,25,25,27,28,26,27,26,25,28,25,26,26,25,25,26,26,27,29,26,27,29,29,25,27,28,26,27,25,27,26,26,27,26,26,27,28,27,27,26,27,27,27,29,26,26,26,26,27,28,26,27,26,30,27,28,26,26,28,30,28,26,26,27,25,27,27,25,27,25,30,28,28,28,25,26,26,26,26,27,29,27,28,26,26,26,26,25,26,28,26,26,29,27,26,26,26,27,27,28,27,25,26,26,27,28,25,26,27,27,26,26,27,26,28,27,28,26,26,27,27,27,27,26,26,27,25,26,27,26,27,25,27,26,26,26,27,27,25,26,26,26,27,26,27,27,28,28,26,26,26,26,26,26,26,26,25,27,27,26,26,27,26,26,26,26,27,26,25,26,27,26,29,26,26,25,26,26,26,27,27,25,26,27,26,27,27,25,26,26,26,26,28,26,26,26,26,28,26,25,25,26,25,25,26,26,25,27,26,27,29,26,26,26,28,27,27,33,28,28,26,27,28,27,26,27,26,26,26,26,27,27,26,27,26,26,26,28,26,25,28,28,27,27,27,28,28,26,28,26,26,33,22,24,24,24,25,23,23,27,25,23,22,22,23,22,25,22,23,25,23,24,24,22,22,23,23,24,23,23,22,25,23,23,24,23,24,23,22,24,23,27,23,22,23,23,23,25,24,22,23,22,25,25,23,25,23,24,23,25,23,24,22,22,23,22,26,25,22,22,22,23,24,22,22,22,23,23,23,24,22,23,23,24,23,22,24,24,23,25,23,24,23,23,23,23,25,23,23,24,23,22,23,24,24,22,24,23,23,25,23,23,24,27,24,24,23,24,23,23,23,23,23,23,25,23,23,23,23,24,23,24,24,26,24,23,23,23,23,23,24,27,23,23,22,25,25,23,25,25,22,23,23,23,23,23,24,24,23,26,23,23,24,22,24,23,23,23,22,26,24,23,23,23,22,23,26,23,24,23,23,25,23,26,23,23,29,21,20,19,20,18,20,19,22,19,18,19,19,20,19,21,22,19,22,22,20,21,20,19,19,21,19,20,20,21,20,20,22,21,20,19,20,24,21,19,20,23,21,22,22,22,22,22,19,20,19,20,21,21,20,19,20,20,20,20,20,20,19,20,19,21,21,20,23,19,21,23,20,20,20,19,19,20,20,19,19,19,20,21,22,20,19,19,20,19,21,21,20,19,20,21,20,21,19,20,20,19,19,19,20,20,20,20,21,22,19,20,20,19,19,22,20,18,20,20,22,19,20,19,19,19,20,19,23,19,20,21,20,19,20,19,20,19,22,19,20,20,18,20,19,23,19,19,21,20,20,19,20,22,19,20,19,19,19,19,19,19,19,21,19,20,20,19,19,22,19,20,20,19,21,19,19,20,20,20,19,20,19,20,20,19,22,20,18,19,22,21,20,20,20,20,21,19,19,20,19,19,20,20,21,19,19,21,21,20,21,21,21,21,18,19,20,21,20,20,19,22,20,20,20,21,20,21,21,18,20,20,21,23,20,22,20,20,19,19,20,20,22,19,19,20,21,19,19,19,19,19,21,20,20,20,19,22,20,19,21,19,21,101,50,19,19,20,20,22,25,20,19,19,20,19,19,20,20,19,20,19,20,22,20,23,19,20,21,20,21,19,21,22,20,22,19,19,20,19,19,18,19,20,19,19,20,21,22,20,19,20,20,21,19,21,21,19,20,20,20,22,20,21,21,19,19,20,20,19,20,20,19,18,22,22,24,22,23,25,23,22,23,24,23,25,24,22,22,22,22,22,24,23,24,25,22,24,23,23,22,23,22,22,24,25,22,23,22,23,22,22,23,23,23,25,22,24,24,24,24,25,24,24,23,24,23,23,23,23,24,22,24,24,27,24,23,22,22,26,22,24,24,24,24,23,23,24,22,24,22,22,23,22,24,24,23,23,24,25,25,22,23,24,23,25,24,25,24,23,23,24,23,22,23,24,25,25,22,23,21,25,24,23,23,24,23,23,23,23,22,26,23,24,23,23,24,22,23,23,24,24,23,23,24,22,23,23,24,24,23,23,23,22,23,22,23,24,24,23,23,24,22,21,24,23,22,24,25,24,22,24,25,25,24,24,23,23,22,23,22,23,23,23,23,23,23,23,23,24,22,23,24,26,22,22,23,24,24,24,22,23,22,23],"ExtractionTimes":[0,0,0,0,0,0,0,0,0,0,0,0,0,0,0,0,0,0,0,0,0,0,0,0,0,0,0,0,0,0,0,0,0,0,0,0,0,0,0,0,0,0,0,0,0,0,0,0,0,0,0,0,0,0,0,0,0,0,0,0,0,0,0,0,0,0,0,0,0,0,0,0,0,0,0,0,0,0,0,0,0,0,0,0,0,0,0,0,0,0,0,0,0,0,0,0,0,0,0,0,0,0,0,0,0,0,0,0,0,0,0,0,0,0,0,0,0,0,0,0,0,0,0,0,0,0,0,0,0,0,0,0,0,0,0,0,0,0,0,0,0,0,0,0,0,0,0,0,0,0,0,0,0,0,0,0,0,0,0,0,0,0,0,0,0,0,0,0,0,0,0,0,0,0,0,0,0,0,0,0,0,0,0,0,0,0,0,0,0,0,0,0,0,0,0,0,0,0,0,0,0,0,0,0,0,0,0,0,0,0,0,0,0,0,0,0,0,0,0,0,0,0,0,0,0,0,0,0,0,0,0,0,0,0,0,0,0,0,0,0,0,0,0,0,0,0,0,0,0,0,0,0,0,0,0,0,0,0,0,0,0,0,0,0,0,0,0,0,0,0,0,0,0,0,0,0,0,0,0,0,0,0,0,0,0,0,0,0,0,0,0,0,0,0,0,0,0,0,0,0,0,0,0,0,0,0,0,0,0,0,0,0,0,0,0,0,0,0,0,0,0,0,0,0,0,0,0,0,0,0,0,0,0,0,0,0,0,0,0,0,0,0,0,0,0,0,0,0,0,0,0,0,0,0,0,0,0,0,0,0,0,0,0,0,0,0,0,0,0,0,0,0,0,0,0,0,0,0,0,0,0,0,0,0,0,0,0,0,0,0,0,0,0,0,0,0,0,0,0,0,0,0,0,0,0,0,0,0,0,0,0,0,0,0,0,0,0,0,0,0,0,0,0,0,0,0,0,0,0,0,0,0,0,0,0,0,0,0,0,0,0,0,0,0,0,0,0,0,0,0,0,0,0,0,0,0,0,0,0,0,0,0,0,0,0,0,0,0,0,0,0,0,0,0,0,0,0,0,0,0,0,0,0,0,0,0,0,0,0,0,0,0,0,0,0,0,0,0,0,0,0,0,0,0,0,0,0,0,0,0,0,0,0,0,0,0,0,0,0,0,0,0,0,0,0,0,0,0,0,0,0,0,0,0,0,0,0,0,0,0,0,0,0,0,0,0,0,0,0,0,0,0,0,0,0,0,0,0,0,0,0,0,0,0,0,0,0,0,0,0,0,0,0,0,0,0,0,0,0,0,0,0,0,0,0,0,0,0,0,0,0,0,0,0,0,0,0,0,0,0,0,0,0,0,0,0,0,0,0,0,0,0,0,0,0,0,0,0,0,0,0,0,0,0,0,0,0,0,0,0,0,0,0,0,0,0,0,0,0,0,0,0,0,0,0,0,0,0,0,0,0,0,0,0,0,0,0,0,0,0,0,0,0,0,0,0,0,0,0,0,0,0,0,0,0,0,0,0,0,0,0,0,0,0,0,0,0,0,0,0,0,0,0,0,0,0,0,0,0,0,0,0,0,0,0,0,0,0,0,0,0,0,0,0,0,0,0,0,0,0,0,0,0,0,0,0,0,0,0,0,0,0,0,0,0,0,0,0,0,0,0,0,0,0,0,0,0,0,0,0,0,0,0,0,0,0,0,0,0,0,0,0,0,0,0,0,0,0,0,0,0,0,0,0,0,0,0,0,0,0,0,0,0,0,0,0,0,0,0,0,0,0,0,0,0,0,0,0,0,0,0,0,0,0,0,0,0,0,0,0,0,0,0,0,0,0,0,0,0,0,0,0,0,0,0,0,0,0,0,0,0,0,0,0,0,0,0,0,0,0,0,0,0,0,0,0,0,0,0,0,0,0,0,0,0,0,0,0,0,0,0,0,0,0,0,0,0,0,0,0,0,0,0,0,0,0,0,0,0,0,0,0,0,0,0,0,0,0,0,0,0,0,0,0,0,0,0,0,0,0,0,0,0,0,0,0,0,0,0,0,0,0,0,0,0,0,0,0,0,0,0,0,0,0,0,0,0,0,0,0,0,0,0,0,0,0,0,0,0,0,0,0,0,0,0,0,0,0,0,0,0,0,0,0,0,0,0,0,0,0,0,0,0,0,0,0,0,0,0,0,0,0,0,0,0,0,0,0,0,0,0,0,0,0,0,0,0,0,0,0,0,0,0,0,0,0,0,0,0,0]}