{"RunId":"343c11ec","WorkbookPath":"C:\\Users\\jdekk\\Downloads\\cp2022-p-scenarioset-20k-2025q3.xlsx","Count":10,"WallTime":450633190,"InsertionTime":{"Total":29742557,"Mean":3304728.5555555555,"Std":354586.73817632796,"StdErr":118195.57939210931,"Conf95":{},"Quartile25":3045948,"Quartile50":3308520,"Quartile75":3564063,"IQR":518115,"Min":2783925,"Max":3821980,"Outliers":[]},"CalculationTime":{"Total":262899,"Mean":29211,"Std":23722.792036351875,"StdErr":7907.597345450625,"Conf95":{},"Quartile25":11062,"Quartile50":31051,"Quartile75":34308,"IQR":23246,"Min":10209,"Max":84175,"Outliers":[]},"ExtractionTime":{"Total":955615,"Mean":119451.875,"Std":5655.941413050275,"StdErr":1999.6772635808363,"Conf95":{},"Quartile25":115307,"Quartile50":119311,"Quartile75":125057,"IQR":9750,"Min":114257,"Max":244912,"Outliers":[244912]},"InsertionTimes":[2253496,2783925,2919108,3045948,3172043,3308520,3435786,3564063,3691184,3821980],"CalculationTimes":[47780,84175,36765,10209,33848,10285,34308,11062,11196,31051],"ExtractionTimes":[313902,244912,119416,114816,125057,119311,115307,117006,114257,130445]}