{"RunId":"2021d9f7","WorkbookPath":"C:\\Users\\jdekk\\source\\uva\\master-thesis\\spreadsheets\\Holiday budget planner (Adapted).xlsx","Count":1000,"WallTime":59484,"InsertionTime":{"Total":0,"Mean":0,"Std":0,"StdErr":0,"Conf95":{},"Quartile25":0,"Quartile50":0,"Quartile75":0,"IQR":0,"Min":0,"Max":0,"Outliers":[]},"CalculationTime":{"Total":16926,"Mean":17.045317220543808,"Std":0.8525109526987286,"StdErr":0.027053617354338748,"Conf95":{},"Quartile25":16,"Quartile50":17,"Quartile75":18,"IQR":2,"Min":15,"Max":130,"Outliers":[130,31]},"ExtractionTime":{"Total":0,"Mean":0,"Std":0,"StdErr":0,"Conf95":{},"Quartile25":0,"Quartile50":0,"Quartile75":0,"IQR":0,"Min":0,"Max":0,"Outliers":[]},"InsertionTimes":[0,0,0,0,0,0,0,0,0,0,0,0,0,0,0,0,0,0,0,0,0,0,0,0,0,0,0,0,0,0,0,0,0,0,0,0,0,0,0,0,0,0,0,0,0,0,0,0,0,0,0,0,0,0,0,0,0,0,0,0,0,0,0,0,0,0,0,0,0,0,0,0,0,0,0,0,0,0,0,0,0,0,0,0,0,0,0,0,0,0,0,0,0,0,0,0,0,0,0,0,0,0,0,0,0,0,0,0,0,0,0,0,0,0,0,0,0,0,0,0,0,0,0,0,0,0,0,0,0,0,0,0,0,0,0,0,0,0,0,0,0,0,0,0,0,0,0,0,0,0,0,0,0,0,0,0,0,0,0,0,0,0,0,0,0,0,0,0,0,0,0,0,0,0,0,0,0,0,0,0,0,0,0,0,0,0,0,0,0,0,0,0,0,0,0,0,0,0,0,0,0,0,0,0,0,0,0,0,0,0,0,0,0,0,0,0,0,0,0,0,0,0,0,0,0,0,0,0,0,0,0,0,0,0,0,0,0,0,0,0,0,0,0,0,0,0,0,0,0,0,0,0,0,0,0,0,0,0,0,0,0,0,0,0,0,0,0,0,0,0,0,0,0,0,0,0,0,0,0,0,0,0,0,0,0,0,0,0,0,0,0,0,0,0,0,0,0,0,0,0,0,0,0,0,0,0,0,0,0,0,0,0,0,0,0,0,0,0,0,0,0,0,0,0,0,0,0,0,0,0,0,0,0,0,0,0,0,0,0,0,0,0,0,0,0,0,0,0,0,0,0,0,0,0,0,0,0,0,0,0,0,0,0,0,0,0,0,0,0,0,0,0,0,0,0,0,0,0,0,0,0,0,0,0,0,0,0,0,0,0,0,0,0,0,0,0,0,0,0,0,0,0,0,0,0,0,0,0,0,0,0,0,0,0,0,0,0,0,0,0,0,0,0,0,0,0,0,0,0,0,0,0,0,0,0,0,0,0,0,0,0,0,0,0,0,0,0,0,0,0,0,0,0,0,0,0,0,0,0,0,0,0,0,0,0,0,0,0,0,0,0,0,0,0,0,0,0,0,0,0,0,0,0,0,0,0,0,0,0,0,0,0,0,0,0,0,0,0,0,0,0,0,0,0,0,0,0,0,0,0,0,0,0,0,0,0,0,0,0,0,0,0,0,0,0,0,0,0,0,0,0,0,0,0,0,0,0,0,0,0,0,0,0,0,0,0,0,0,0,0,0,0,0,0,0,0,0,0,0,0,0,0,0,0,0,0,0,0,0,0,0,0,0,0,0,0,0,0,0,0,0,0,0,0,0,0,0,0,0,0,0,0,0,0,0,0,0,0,0,0,0,0,0,0,0,0,0,0,0,0,0,0,0,0,0,0,0,0,0,0,0,0,0,0,0,0,0,0,0,0,0,0,0,0,0,0,0,0,0,0,0,0,0,0,0,0,0,0,0,0,0,0,0,0,0,0,0,0,0,0,0,0,0,0,0,0,0,0,0,0,0,0,0,0,0,0,0,0,0,0,0,0,0,0,0,0,0,0,0,0,0,0,0,0,0,0,0,0,0,0,0,0,0,0,0,0,0,0,0,0,0,0,0,0,0,0,0,0,0,0,0,0,0,0,0,0,0,0,0,0,0,0,0,0,0,0,0,0,0,0,0,0,0,0,0,0,0,0,0,0,0,0,0,0,0,0,0,0,0,0,0,0,0,0,0,0,0,0,0,0,0,0,0,0,0,0,0,0,0,0,0,0,0,0,0,0,0,0,0,0,0,0,0,0,0,0,0,0,0,0,0,0,0,0,0,0,0,0,0,0,0,0,0,0,0,0,0,0,0,0,0,0,0,0,0,0,0,0,0,0,0,0,0,0,0,0,0,0,0,0,0,0,0,0,0,0,0,0,0,0,0,0,0,0,0,0,0,0,0,0,0,0,0,0,0,0,0,0,0,0,0,0,0,0,0,0,0,0,0,0,0,0,0,0,0,0,0,0,0,0,0,0,0,0,0,0,0,0,0,0,0,0,0,0,0,0,0,0,0,0,0,0,0,0,0,0,0,0,0,0,0,0,0,0,0,0,0,0,0,0,0,0,0,0,0,0,0,0,0,0,0,0,0,0,0,0,0,0,0,0,0,0,0,0,0,0,0,0,0,0,0,0,0,0,0,0,0,0,0,0,0,0,0,0,0,0,0,0,0,0,0,0,0,0,0,0,0,0,0,0,0,0,0,0,0,0,0,0,0,0],"CalculationTimes":[38736,66,26,19,18,17,16,18,18,18,18,18,19,17,19,17,17,19,17,19,19,18,18,17,17,18,18,18,17,18,19,16,18,18,18,16,17,17,18,18,17,16,17,16,16,17,20,18,18,17,18,18,17,17,16,16,17,18,18,16,17,18,17,17,17,17,17,17,18,16,17,19,17,17,18,17,18,17,18,17,17,17,17,16,17,17,17,18,18,17,17,17,16,16,16,17,18,18,17,19,17,17,17,17,16,16,17,17,17,18,17,17,17,18,19,17,16,17,18,18,17,17,17,17,19,20,17,19,16,18,19,18,18,18,18,17,16,17,17,17,17,17,17,17,17,18,17,18,17,17,17,17,17,16,17,17,18,17,17,17,20,19,18,17,17,16,16,17,16,16,18,17,17,16,18,18,17,18,17,17,17,17,17,17,16,17,18,18,17,17,16,16,17,16,17,17,16,17,16,16,17,18,17,17,17,16,16,17,17,17,17,17,17,18,17,16,15,16,17,16,17,17,17,16,17,18,17,16,18,16,16,16,21,17,17,18,17,17,18,17,17,17,16,17,17,18,16,16,16,17,17,16,18,17,18,16,17,21,20,18,17,17,18,18,17,17,18,17,19,18,18,18,17,16,17,17,17,16,19,17,18,18,18,17,19,18,17,17,18,17,17,17,17,17,18,17,18,17,18,18,18,17,17,17,18,17,20,18,17,18,17,17,17,16,17,17,19,16,16,16,17,16,18,18,18,17,18,16,17,16,17,16,18,18,18,18,17,17,17,16,16,17,18,16,17,16,16,16,19,18,18,17,18,17,17,18,17,17,16,17,18,16,17,17,17,18,16,16,16,17,17,18,17,17,17,18,17,17,17,17,17,16,16,16,17,16,20,17,17,16,16,16,17,19,18,17,18,16,17,17,18,17,16,16,16,16,17,18,17,16,18,18,18,18,16,16,18,17,17,17,17,16,16,18,17,17,16,16,17,17,17,16,18,17,17,18,18,17,19,16,16,16,16,18,17,17,18,17,17,16,17,17,17,16,17,16,18,18,17,16,18,17,18,18,17,17,17,16,16,17,16,17,17,17,18,17,16,17,19,17,17,17,17,17,16,17,17,17,18,17,17,16,16,16,17,16,18,18,17,17,18,16,16,17,18,17,18,19,16,19,18,18,17,18,17,17,17,17,18,17,18,18,18,17,17,17,16,17,17,18,18,17,17,17,17,18,17,17,17,18,18,17,17,18,17,17,17,17,17,18,17,17,16,16,16,17,18,16,19,17,17,17,17,17,17,18,17,17,18,17,18,16,17,17,17,18,17,17,18,16,17,17,16,16,16,17,17,16,16,16,16,16,17,17,16,17,17,17,17,17,18,18,16,17,18,16,16,16,17,17,16,17,17,16,16,16,16,18,16,17,16,16,17,16,18,17,17,17,16,16,17,19,18,16,16,17,17,17,16,16,17,16,18,16,16,17,17,17,17,20,16,16,17,16,16,19,16,17,16,17,17,18,17,17,16,16,16,18,17,18,17,16,17,17,18,17,16,16,17,16,16,17,18,16,17,18,17,16,16,16,17,17,18,18,17,16,17,17,17,17,16,16,16,17,17,16,16,17,16,19,17,17,17,16,17,17,17,17,18,16,17,17,17,17,19,17,17,17,16,17,18,17,17,16,17,16,17,17,16,16,17,17,17,16,17,17,17,17,18,17,16,16,17,16,18,19,16,18,18,19,17,17,16,16,16,16,17,17,17,18,16,17,17,16,16,16,16,17,18,18,18,17,17,16,130,31,19,17,16,16,16,16,17,17,17,18,17,17,17,17,17,16,17,16,17,18,16,16,17,17,17,18,17,16,17,16,17,19,19,17,16,17,16,16,17,16,16,16,16,17,17,16,16,16,18,17,17,17,16,17,17,17,17,19,16,17,17,18,17,17,18,16,16,17,17,18,16,17,18,18,17,18,17,17,17,17,17,17,17,17,19,17,17,17,17,16,16,17,17,18,18,17,17,17,17,18,17,17,16,17,17,17,16,16,17,16,17,16,16,16,16,16,18,17,18,18,17,16,17,18,18,17,16,16,17,16,16,16,18,17,17,18,16,16,16,16,16,17,17,17,17,17,17,18,17,18,17,17,16,18,18,17,16,16,17,18,17,17,17,16,17,17,16,18,17,17,16,16,17,17,17,17,17,16,17,15,16,18,18,18,21,17,17,17,16,16,16,17,19,18,17,16,17,17,17,17,16,17,16,17,17,18,17,17,16,18,17,18,18,16],"ExtractionTimes":[0,0,0,0,0,0,0,0,0,0,0,0,0,0,0,0,0,0,0,0,0,0,0,0,0,0,0,0,0,0,0,0,0,0,0,0,0,0,0,0,0,0,0,0,0,0,0,0,0,0,0,0,0,0,0,0,0,0,0,0,0,0,0,0,0,0,0,0,0,0,0,0,0,0,0,0,0,0,0,0,0,0,0,0,0,0,0,0,0,0,0,0,0,0,0,0,0,0,0,0,0,0,0,0,0,0,0,0,0,0,0,0,0,0,0,0,0,0,0,0,0,0,0,0,0,0,0,0,0,0,0,0,0,0,0,0,0,0,0,0,0,0,0,0,0,0,0,0,0,0,0,0,0,0,0,0,0,0,0,0,0,0,0,0,0,0,0,0,0,0,0,0,0,0,0,0,0,0,0,0,0,0,0,0,0,0,0,0,0,0,0,0,0,0,0,0,0,0,0,0,0,0,0,0,0,0,0,0,0,0,0,0,0,0,0,0,0,0,0,0,0,0,0,0,0,0,0,0,0,0,0,0,0,0,0,0,0,0,0,0,0,0,0,0,0,0,0,0,0,0,0,0,0,0,0,0,0,0,0,0,0,0,0,0,0,0,0,0,0,0,0,0,0,0,0,0,0,0,0,0,0,0,0,0,0,0,0,0,0,0,0,0,0,0,0,0,0,0,0,0,0,0,0,0,0,0,0,0,0,0,0,0,0,0,0,0,0,0,0,0,0,0,0,0,0,0,0,0,0,0,0,0,0,0,0,0,0,0,0,0,0,0,0,0,0,0,0,0,0,0,0,0,0,0,0,0,0,0,0,0,0,0,0,0,0,0,0,0,0,0,0,0,0,0,0,0,0,0,0,0,0,0,0,0,0,0,0,0,0,0,0,0,0,0,0,0,0,0,0,0,0,0,0,0,0,0,0,0,0,0,0,0,0,0,0,0,0,0,0,0,0,0,0,0,0,0,0,0,0,0,0,0,0,0,0,0,0,0,0,0,0,0,0,0,0,0,0,0,0,0,0,0,0,0,0,0,0,0,0,0,0,0,0,0,0,0,0,0,0,0,0,0,0,0,0,0,0,0,0,0,0,0,0,0,0,0,0,0,0,0,0,0,0,0,0,0,0,0,0,0,0,0,0,0,0,0,0,0,0,0,0,0,0,0,0,0,0,0,0,0,0,0,0,0,0,0,0,0,0,0,0,0,0,0,0,0,0,0,0,0,0,0,0,0,0,0,0,0,0,0,0,0,0,0,0,0,0,0,0,0,0,0,0,0,0,0,0,0,0,0,0,0,0,0,0,0,0,0,0,0,0,0,0,0,0,0,0,0,0,0,0,0,0,0,0,0,0,0,0,0,0,0,0,0,0,0,0,0,0,0,0,0,0,0,0,0,0,0,0,0,0,0,0,0,0,0,0,0,0,0,0,0,0,0,0,0,0,0,0,0,0,0,0,0,0,0,0,0,0,0,0,0,0,0,0,0,0,0,0,0,0,0,0,0,0,0,0,0,0,0,0,0,0,0,0,0,0,0,0,0,0,0,0,0,0,0,0,0,0,0,0,0,0,0,0,0,0,0,0,0,0,0,0,0,0,0,0,0,0,0,0,0,0,0,0,0,0,0,0,0,0,0,0,0,0,0,0,0,0,0,0,0,0,0,0,0,0,0,0,0,0,0,0,0,0,0,0,0,0,0,0,0,0,0,0,0,0,0,0,0,0,0,0,0,0,0,0,0,0,0,0,0,0,0,0,0,0,0,0,0,0,0,0,0,0,0,0,0,0,0,0,0,0,0,0,0,0,0,0,0,0,0,0,0,0,0,0,0,0,0,0,0,0,0,0,0,0,0,0,0,0,0,0,0,0,0,0,0,0,0,0,0,0,0,0,0,0,0,0,0,0,0,0,0,0,0,0,0,0,0,0,0,0,0,0,0,0,0,0,0,0,0,0,0,0,0,0,0,0,0,0,0,0,0,0,0,0,0,0,0,0,0,0,0,0,0,0,0,0,0,0,0,0,0,0,0,0,0,0,0,0,0,0,0,0,0,0,0,0,0,0,0,0,0,0,0,0,0,0,0,0,0,0,0,0,0,0,0,0,0,0,0,0,0,0,0,0,0,0,0,0,0,0,0,0,0,0,0,0,0,0,0,0,0,0,0,0,0,0,0,0,0,0,0,0,0,0,0,0,0,0,0,0,0,0,0,0,0,0,0,0,0,0,0,0,0,0,0,0,0,0,0,0,0,0,0,0,0,0,0]}