{"RunId":"8aa0ef27","WorkbookPath":"C:\\Users\\jdekk\\Downloads\\cp2022-p-scenarioset-20k-2025q3.xlsx","Count":10,"WallTime":4071818,"InsertionTime":{"Total":22696483,"Mean":2521831.4444444445,"Std":406186.86745853536,"StdErr":135395.62248617844,"Conf95":{},"Quartile25":2226675,"Quartile50":2516426,"Quartile75":2801516,"IQR":574841,"Min":1933753,"Max":3133318,"Outliers":[]},"CalculationTime":{"Total":330022,"Mean":36669.11111111111,"Std":5333.610982356241,"StdErr":1777.8703274520803,"Conf95":{},"Quartile25":33714,"Quartile50":35040,"Quartile75":38019,"IQR":4305,"Min":30706,"Max":48827,"Outliers":[]},"ExtractionTime":{"Total":305041,"Mean":33893.444444444445,"Std":18669.435182344907,"StdErr":6223.145060781636,"Conf95":{},"Quartile25":26199,"Quartile50":26910,"Quartile75":30874,"IQR":4675,"Min":24844,"Max":83253,"Outliers":[]},"InsertionTimes":[1787292,1933753,2079169,2226675,2374902,2516426,2665493,2801516,2965231,3133318],"CalculationTimes":[65034,38019,48827,33547,40360,35040,30706,35741,34068,33714],"ExtractionTimes":[228986,27920,26474,32430,26910,24844,26199,26137,83253,30874]}