{"RunId":"9c4b9ba1","WorkbookPath":"C:\\Users\\jdekk\\source\\uva\\master-thesis\\spreadsheets\\Holiday budget planner (Adapted).xlsx","Count":1000,"WallTime":73183,"InsertionTime":{"Total":0,"Mean":0,"Std":0,"StdErr":0,"Conf95":{},"Quartile25":0,"Quartile50":0,"Quartile75":0,"IQR":0,"Min":0,"Max":0,"Outliers":[]},"CalculationTime":{"Total":17167,"Mean":17.34040404040404,"Std":0.8756241964746116,"StdErr":0.02782916378589248,"Conf95":{},"Quartile25":17,"Quartile50":17,"Quartile75":18,"IQR":1,"Min":15,"Max":112,"Outliers":[112,26,56,50,26]},"ExtractionTime":{"Total":0,"Mean":0,"Std":0,"StdErr":0,"Conf95":{},"Quartile25":0,"Quartile50":0,"Quartile75":0,"IQR":0,"Min":0,"Max":0,"Outliers":[]},"InsertionTimes":[0,0,0,0,0,0,0,0,0,0,0,0,0,0,0,0,0,0,0,0,0,0,0,0,0,0,0,0,0,0,0,0,0,0,0,0,0,0,0,0,0,0,0,0,0,0,0,0,0,0,0,0,0,0,0,0,0,0,0,0,0,0,0,0,0,0,0,0,0,0,0,0,0,0,0,0,0,0,0,0,0,0,0,0,0,0,0,0,0,0,0,0,0,0,0,0,0,0,0,0,0,0,0,0,0,0,0,0,0,0,0,0,0,0,0,0,0,0,0,0,0,0,0,0,0,0,0,0,0,0,0,0,0,0,0,0,0,0,0,0,0,0,0,0,0,0,0,0,0,0,0,0,0,0,0,0,0,0,0,0,0,0,0,0,0,0,0,0,0,0,0,0,0,0,0,0,0,0,0,0,0,0,0,0,0,0,0,0,0,0,0,0,0,0,0,0,0,0,0,0,0,0,0,0,0,0,0,0,0,0,0,0,0,0,0,0,0,0,0,0,0,0,0,0,0,0,0,0,0,0,0,0,0,0,0,0,0,0,0,0,0,0,0,0,0,0,0,0,0,0,0,0,0,0,0,0,0,0,0,0,0,0,0,0,0,0,0,0,0,0,0,0,0,0,0,0,0,0,0,0,0,0,0,0,0,0,0,0,0,0,0,0,0,0,0,0,0,0,0,0,0,0,0,0,0,0,0,0,0,0,0,0,0,0,0,0,0,0,0,0,0,0,0,0,0,0,0,0,0,0,0,0,0,0,0,0,0,0,0,0,0,0,0,0,0,0,0,0,0,0,0,0,0,0,0,0,0,0,0,0,0,0,0,0,0,0,0,0,0,0,0,0,0,0,0,0,0,0,0,0,0,0,0,0,0,0,0,0,0,0,0,0,0,0,0,0,0,0,0,0,0,0,0,0,0,0,0,0,0,0,0,0,0,0,0,0,0,0,0,0,0,0,0,0,0,0,0,0,0,0,0,0,0,0,0,0,0,0,0,0,0,0,0,0,0,0,0,0,0,0,0,0,0,0,0,0,0,0,0,0,0,0,0,0,0,0,0,0,0,0,0,0,0,0,0,0,0,0,0,0,0,0,0,0,0,0,0,0,0,0,0,0,0,0,0,0,0,0,0,0,0,0,0,0,0,0,0,0,0,0,0,0,0,0,0,0,0,0,0,0,0,0,0,0,0,0,0,0,0,0,0,0,0,0,0,0,0,0,0,0,0,0,0,0,0,0,0,0,0,0,0,0,0,0,0,0,0,0,0,0,0,0,0,0,0,0,0,0,0,0,0,0,0,0,0,0,0,0,0,0,0,0,0,0,0,0,0,0,0,0,0,0,0,0,0,0,0,0,0,0,0,0,0,0,0,0,0,0,0,0,0,0,0,0,0,0,0,0,0,0,0,0,0,0,0,0,0,0,0,0,0,0,0,0,0,0,0,0,0,0,0,0,0,0,0,0,0,0,0,0,0,0,0,0,0,0,0,0,0,0,0,0,0,0,0,0,0,0,0,0,0,0,0,0,0,0,0,0,0,0,0,0,0,0,0,0,0,0,0,0,0,0,0,0,0,0,0,0,0,0,0,0,0,0,0,0,0,0,0,0,0,0,0,0,0,0,0,0,0,0,0,0,0,0,0,0,0,0,0,0,0,0,0,0,0,0,0,0,0,0,0,0,0,0,0,0,0,0,0,0,0,0,0,0,0,0,0,0,0,0,0,0,0,0,0,0,0,0,0,0,0,0,0,0,0,0,0,0,0,0,0,0,0,0,0,0,0,0,0,0,0,0,0,0,0,0,0,0,0,0,0,0,0,0,0,0,0,0,0,0,0,0,0,0,0,0,0,0,0,0,0,0,0,0,0,0,0,0,0,0,0,0,0,0,0,0,0,0,0,0,0,0,0,0,0,0,0,0,0,0,0,0,0,0,0,0,0,0,0,0,0,0,0,0,0,0,0,0,0,0,0,0,0,0,0,0,0,0,0,0,0,0,0,0,0,0,0,0,0,0,0,0,0,0,0,0,0,0,0,0,0,0,0,0,0,0,0,0,0,0,0,0,0,0,0,0,0,0,0,0,0,0,0,0,0,0,0,0,0,0,0,0,0,0,0,0,0,0,0,0,0,0,0,0,0,0,0,0,0,0,0,0,0,0,0,0,0,0,0,0,0,0,0,0,0,0,0,0,0,0,0,0,0,0,0,0,0,0,0,0,0,0,0,0,0,0,0,0,0,0,0,0,0,0,0,0,0,0,0,0],"CalculationTimes":[52201,55,22,18,18,19,17,17,17,20,18,17,17,18,17,17,17,17,18,19,18,17,19,19,18,17,17,17,17,17,17,17,17,16,16,17,17,19,17,18,18,18,18,18,18,18,17,16,17,19,16,17,17,17,20,17,16,17,18,17,17,16,17,18,17,19,18,17,17,20,19,17,17,17,18,17,18,17,16,18,17,17,18,19,18,17,16,17,17,18,18,17,112,26,18,18,17,17,17,16,16,18,17,16,16,16,17,17,17,18,19,17,17,17,19,17,18,17,18,17,17,17,18,16,18,16,16,17,17,19,20,18,17,17,17,17,17,17,16,16,17,19,17,18,19,17,18,18,18,17,16,16,17,18,18,17,19,17,20,16,16,16,17,17,18,17,17,18,17,17,17,18,17,16,18,17,17,17,17,17,17,17,17,17,17,16,16,17,18,17,18,17,17,19,17,17,17,17,18,17,17,21,17,16,17,17,17,17,18,17,16,18,18,16,16,17,19,17,18,18,17,19,17,18,17,16,17,16,16,17,18,16,20,17,17,18,19,19,17,16,17,18,17,17,17,17,17,16,17,17,17,18,19,16,16,17,16,20,18,17,17,16,18,17,16,18,18,17,18,17,17,17,16,17,19,16,17,17,17,16,17,17,17,17,16,16,17,17,18,18,16,17,16,18,17,18,17,16,17,18,16,18,18,17,17,17,17,17,17,16,17,19,16,17,17,17,17,16,16,18,17,17,17,17,18,17,17,18,17,16,19,17,17,17,17,17,18,16,16,18,17,18,19,17,17,18,17,17,18,17,17,17,17,17,18,19,17,18,17,17,16,17,17,17,16,17,17,18,18,17,17,16,17,16,19,17,17,18,18,17,17,16,17,17,17,18,16,16,17,17,16,17,17,17,17,19,17,16,17,17,17,19,17,17,17,16,17,17,17,17,18,18,17,17,18,18,18,18,16,17,17,17,17,17,17,19,17,17,17,18,17,17,17,17,15,16,17,16,18,17,17,17,17,17,17,18,17,18,17,17,17,18,17,17,18,17,17,18,17,17,17,17,17,17,18,17,17,17,19,17,17,17,17,17,16,18,17,20,18,19,17,16,17,16,16,17,17,18,17,17,18,17,17,16,17,17,16,18,17,17,18,17,18,17,18,18,17,17,18,17,17,17,17,56,20,19,18,19,18,19,18,19,18,17,18,18,17,19,17,18,18,17,17,19,17,17,19,18,17,18,18,18,18,18,19,17,18,17,18,18,19,17,18,20,18,17,18,17,17,17,17,17,18,19,18,19,50,26,18,19,18,17,18,18,17,17,18,18,18,17,17,17,17,16,17,18,16,17,18,17,20,18,17,17,18,17,19,17,17,17,19,17,17,17,19,18,16,17,16,17,18,18,19,18,18,17,17,17,17,16,16,17,18,18,19,18,18,17,16,16,17,20,16,17,20,17,17,17,19,18,18,17,17,17,17,16,18,18,17,18,18,18,17,17,17,17,18,16,17,17,17,17,20,18,19,18,20,17,18,17,18,17,17,17,18,18,18,17,17,16,17,18,17,18,17,19,17,18,17,17,18,17,16,17,17,17,20,18,18,18,17,18,16,17,17,18,17,17,17,17,17,18,18,17,18,16,18,17,17,17,16,17,17,17,18,17,16,19,18,18,18,17,16,18,18,17,17,17,17,18,17,17,17,17,17,16,19,17,16,17,17,18,18,17,18,17,18,20,17,17,17,18,17,17,20,16,17,17,18,17,17,17,17,17,17,17,17,18,17,17,17,17,16,17,18,18,17,20,19,17,18,18,17,17,16,17,18,18,17,19,17,18,17,17,18,16,17,17,19,17,18,18,17,17,17,17,18,17,17,16,17,18,18,17,17,17,17,16,17,16,17,17,17,17,17,17,19,18,20,18,18,18,18,18,17,17,18,20,18,18,17,18,17,17,18,17,17,16,17,17,17,18,18,18,18,18,17,17,18,18,17,17,17,17,17,17,18,18,20,17,18,16,17,16,17,17,17,18,17,18,17,16,19,17,16,18,19,18,17,19,17,19,18,17,18,17,17,17,19,17,19,19,18,17,17,16,17,17,17,17,17,18,17,19,20,17,17,17,17,17,17,17,16,17,17,18,17,16,17,19,18,18,19,17,16,17,17,16,17,17,17,18,18,17,17,17,16,17,17,16,18,17,17,18,17,17,17,20,17,18,18,16,17,17,18,19,17,17,17,17,17,17,17,17,17,17,17,17,18,18,17,17,17,16,17,17,17,17,17,16],"ExtractionTimes":[0,0,0,0,0,0,0,0,0,0,0,0,0,0,0,0,0,0,0,0,0,0,0,0,0,0,0,0,0,0,0,0,0,0,0,0,0,0,0,0,0,0,0,0,0,0,0,0,0,0,0,0,0,0,0,0,0,0,0,0,0,0,0,0,0,0,0,0,0,0,0,0,0,0,0,0,0,0,0,0,0,0,0,0,0,0,0,0,0,0,0,0,0,0,0,0,0,0,0,0,0,0,0,0,0,0,0,0,0,0,0,0,0,0,0,0,0,0,0,0,0,0,0,0,0,0,0,0,0,0,0,0,0,0,0,0,0,0,0,0,0,0,0,0,0,0,0,0,0,0,0,0,0,0,0,0,0,0,0,0,0,0,0,0,0,0,0,0,0,0,0,0,0,0,0,0,0,0,0,0,0,0,0,0,0,0,0,0,0,0,0,0,0,0,0,0,0,0,0,0,0,0,0,0,0,0,0,0,0,0,0,0,0,0,0,0,0,0,0,0,0,0,0,0,0,0,0,0,0,0,0,0,0,0,0,0,0,0,0,0,0,0,0,0,0,0,0,0,0,0,0,0,0,0,0,0,0,0,0,0,0,0,0,0,0,0,0,0,0,0,0,0,0,0,0,0,0,0,0,0,0,0,0,0,0,0,0,0,0,0,0,0,0,0,0,0,0,0,0,0,0,0,0,0,0,0,0,0,0,0,0,0,0,0,0,0,0,0,0,0,0,0,0,0,0,0,0,0,0,0,0,0,0,0,0,0,0,0,0,0,0,0,0,0,0,0,0,0,0,0,0,0,0,0,0,0,0,0,0,0,0,0,0,0,0,0,0,0,0,0,0,0,0,0,0,0,0,0,0,0,0,0,0,0,0,0,0,0,0,0,0,0,0,0,0,0,0,0,0,0,0,0,0,0,0,0,0,0,0,0,0,0,0,0,0,0,0,0,0,0,0,0,0,0,0,0,0,0,0,0,0,0,0,0,0,0,0,0,0,0,0,0,0,0,0,0,0,0,0,0,0,0,0,0,0,0,0,0,0,0,0,0,0,0,0,0,0,0,0,0,0,0,0,0,0,0,0,0,0,0,0,0,0,0,0,0,0,0,0,0,0,0,0,0,0,0,0,0,0,0,0,0,0,0,0,0,0,0,0,0,0,0,0,0,0,0,0,0,0,0,0,0,0,0,0,0,0,0,0,0,0,0,0,0,0,0,0,0,0,0,0,0,0,0,0,0,0,0,0,0,0,0,0,0,0,0,0,0,0,0,0,0,0,0,0,0,0,0,0,0,0,0,0,0,0,0,0,0,0,0,0,0,0,0,0,0,0,0,0,0,0,0,0,0,0,0,0,0,0,0,0,0,0,0,0,0,0,0,0,0,0,0,0,0,0,0,0,0,0,0,0,0,0,0,0,0,0,0,0,0,0,0,0,0,0,0,0,0,0,0,0,0,0,0,0,0,0,0,0,0,0,0,0,0,0,0,0,0,0,0,0,0,0,0,0,0,0,0,0,0,0,0,0,0,0,0,0,0,0,0,0,0,0,0,0,0,0,0,0,0,0,0,0,0,0,0,0,0,0,0,0,0,0,0,0,0,0,0,0,0,0,0,0,0,0,0,0,0,0,0,0,0,0,0,0,0,0,0,0,0,0,0,0,0,0,0,0,0,0,0,0,0,0,0,0,0,0,0,0,0,0,0,0,0,0,0,0,0,0,0,0,0,0,0,0,0,0,0,0,0,0,0,0,0,0,0,0,0,0,0,0,0,0,0,0,0,0,0,0,0,0,0,0,0,0,0,0,0,0,0,0,0,0,0,0,0,0,0,0,0,0,0,0,0,0,0,0,0,0,0,0,0,0,0,0,0,0,0,0,0,0,0,0,0,0,0,0,0,0,0,0,0,0,0,0,0,0,0,0,0,0,0,0,0,0,0,0,0,0,0,0,0,0,0,0,0,0,0,0,0,0,0,0,0,0,0,0,0,0,0,0,0,0,0,0,0,0,0,0,0,0,0,0,0,0,0,0,0,0,0,0,0,0,0,0,0,0,0,0,0,0,0,0,0,0,0,0,0,0,0,0,0,0,0,0,0,0,0,0,0,0,0,0,0,0,0,0,0,0,0,0,0,0,0,0,0,0,0,0,0,0,0,0,0,0,0,0,0,0,0,0,0,0,0,0,0,0,0,0,0,0,0,0,0,0,0,0,0,0,0,0,0,0,0,0,0,0,0,0,0,0,0,0,0,0,0,0,0,0,0]}