{"RunId":"e569838e","WorkbookPath":"C:\\Users\\jdekk\\Downloads\\cp2022-p-scenarioset-20k-2025q3.xlsx","Count":10,"WallTime":2049818,"InsertionTime":{"Total":11467733,"Mean":1274192.5555555555,"Std":175605.45506910593,"StdErr":58535.151689701976,"Conf95":{},"Quartile25":1141920,"Quartile50":1287410,"Quartile75":1399147,"IQR":257227,"Min":1018879,"Max":1536555,"Outliers":[]},"CalculationTime":{"Total":49611,"Mean":5512.333333333333,"Std":1031.0203683730017,"StdErr":343.6734561243339,"Conf95":{},"Quartile25":4828,"Quartile50":5011,"Quartile75":6117,"IQR":1289,"Min":4535,"Max":7659,"Outliers":[]},"ExtractionTime":{"Total":235609,"Mean":26178.777777777777,"Std":4277.96043044398,"StdErr":1425.9868101479933,"Conf95":{},"Quartile25":23672,"Quartile50":25103,"Quartile75":27640,"IQR":3968,"Min":22097,"Max":36265,"Outliers":[]},"InsertionTimes":[959240,1018879,1081970,1141920,1204190,1287410,1341930,1399147,1455732,1536555],"CalculationTimes":[7504,4828,4939,6488,7659,4812,4535,6117,5222,5011],"ExtractionTimes":[211068,23672,25661,36265,27640,24721,22558,27892,22097,25103]}