{"RunId":"f1586828","WorkbookPath":"C:\\Users\\jdekk\\source\\uva\\master-thesis\\spreadsheets\\Holiday budget planner (Adapted).xlsx","Count":1000,"WallTime":60346,"InsertionTime":{"Total":0,"Mean":0,"Std":0,"StdErr":0,"Conf95":{},"Quartile25":0,"Quartile50":0,"Quartile75":0,"IQR":0,"Min":0,"Max":0,"Outliers":[]},"CalculationTime":{"Total":18874,"Mean":19.1225937183384,"Std":1.1614873657043085,"StdErr":0.036970550188588545,"Conf95":{},"Quartile25":18,"Quartile50":19,"Quartile75":20,"IQR":2,"Min":16,"Max":651,"Outliers":[110,93,45,60,40,651,40,110]},"ExtractionTime":{"Total":0,"Mean":0,"Std":0,"StdErr":0,"Conf95":{},"Quartile25":0,"Quartile50":0,"Quartile75":0,"IQR":0,"Min":0,"Max":0,"Outliers":[]},"InsertionTimes":[0,0,0,0,0,0,0,0,0,0,0,0,0,0,0,0,0,0,0,0,0,0,0,0,0,0,0,0,0,0,0,0,0,0,0,0,0,0,0,0,0,0,0,0,0,0,0,0,0,0,0,0,0,0,0,0,0,0,0,0,0,0,0,0,0,0,0,0,0,0,0,0,0,0,0,0,0,0,0,0,0,0,0,0,0,0,0,0,0,0,0,0,0,0,0,0,0,0,0,0,0,0,0,0,0,0,0,0,0,0,0,0,0,0,0,0,0,0,0,0,0,0,0,0,0,0,0,0,0,0,0,0,0,0,0,0,0,0,0,0,0,0,0,0,0,0,0,0,0,0,0,0,0,0,0,0,0,0,0,0,0,0,0,0,0,0,0,0,0,0,0,0,0,0,0,0,0,0,0,0,0,0,0,0,0,0,0,0,0,0,0,0,0,0,0,0,0,0,0,0,0,0,0,0,0,0,0,0,0,0,0,0,0,0,0,0,0,0,0,0,0,0,0,0,0,0,0,0,0,0,0,0,0,0,0,0,0,0,0,0,0,0,0,0,0,0,0,0,0,0,0,0,0,0,0,0,0,0,0,0,0,0,0,0,0,0,0,0,0,0,0,0,0,0,0,0,0,0,0,0,0,0,0,0,0,0,0,0,0,0,0,0,0,0,0,0,0,0,0,0,0,0,0,0,0,0,0,0,0,0,0,0,0,0,0,0,0,0,0,0,0,0,0,0,0,0,0,0,0,0,0,0,0,0,0,0,0,0,0,0,0,0,0,0,0,0,0,0,0,0,0,0,0,0,0,0,0,0,0,0,0,0,0,0,0,0,0,0,0,0,0,0,0,0,0,0,0,0,0,0,0,0,0,0,0,0,0,0,0,0,0,0,0,0,0,0,0,0,0,0,0,0,0,0,0,0,0,0,0,0,0,0,0,0,0,0,0,0,0,0,0,0,0,0,0,0,0,0,0,0,0,0,0,0,0,0,0,0,0,0,0,0,0,0,0,0,0,0,0,0,0,0,0,0,0,0,0,0,0,0,0,0,0,0,0,0,0,0,0,0,0,0,0,0,0,0,0,0,0,0,0,0,0,0,0,0,0,0,0,0,0,0,0,0,0,0,0,0,0,0,0,0,0,0,0,0,0,0,0,0,0,0,0,0,0,0,0,0,0,0,0,0,0,0,0,0,0,0,0,0,0,0,0,0,0,0,0,0,0,0,0,0,0,0,0,0,0,0,0,0,0,0,0,0,0,0,0,0,0,0,0,0,0,0,0,0,0,0,0,0,0,0,0,0,0,0,0,0,0,0,0,0,0,0,0,0,0,0,0,0,0,0,0,0,0,0,0,0,0,0,0,0,0,0,0,0,0,0,0,0,0,0,0,0,0,0,0,0,0,0,0,0,0,0,0,0,0,0,0,0,0,0,0,0,0,0,0,0,0,0,0,0,0,0,0,0,0,0,0,0,0,0,0,0,0,0,0,0,0,0,0,0,0,0,0,0,0,0,0,0,0,0,0,0,0,0,0,0,0,0,0,0,0,0,0,0,0,0,0,0,0,0,0,0,0,0,0,0,0,0,0,0,0,0,0,0,0,0,0,0,0,0,0,0,0,0,0,0,0,0,0,0,0,0,0,0,0,0,0,0,0,0,0,0,0,0,0,0,0,0,0,0,0,0,0,0,0,0,0,0,0,0,0,0,0,0,0,0,0,0,0,0,0,0,0,0,0,0,0,0,0,0,0,0,0,0,0,0,0,0,0,0,0,0,0,0,0,0,0,0,0,0,0,0,0,0,0,0,0,0,0,0,0,0,0,0,0,0,0,0,0,0,0,0,0,0,0,0,0,0,0,0,0,0,0,0,0,0,0,0,0,0,0,0,0,0,0,0,0,0,0,0,0,0,0,0,0,0,0,0,0,0,0,0,0,0,0,0,0,0,0,0,0,0,0,0,0,0,0,0,0,0,0,0,0,0,0,0,0,0,0,0,0,0,0,0,0,0,0,0,0,0,0,0,0,0,0,0,0,0,0,0,0,0,0,0,0,0,0,0,0,0,0,0,0,0,0,0,0,0,0,0,0,0,0,0,0,0,0,0,0,0,0,0,0,0,0,0,0,0,0,0,0,0,0,0,0,0,0,0,0,0,0,0,0,0,0,0,0,0,0,0,0,0,0,0,0,0,0,0,0,0,0,0,0,0,0,0,0,0,0,0,0,0,0,0,0,0,0,0,0,0,0,0,0,0,0,0,0,0],"CalculationTimes":[35153,58,25,19,1296,110,20,20,20,20,19,19,21,20,21,19,18,19,18,19,20,20,19,20,22,22,20,18,19,18,19,19,20,22,18,19,21,22,22,21,20,21,21,21,18,19,19,19,19,22,21,21,21,19,19,20,19,19,20,19,19,21,19,20,23,19,18,18,18,19,20,18,20,18,18,20,21,18,18,20,19,18,19,19,18,19,20,19,21,18,19,19,21,19,19,18,18,19,19,22,20,21,19,19,18,18,18,19,18,18,20,21,19,18,19,19,18,19,20,19,19,21,18,20,20,19,18,18,20,23,17,20,19,19,17,18,19,20,19,19,19,18,18,18,18,19,17,20,21,21,19,19,19,19,17,19,20,21,19,18,22,18,19,18,18,18,18,19,19,19,19,17,21,19,20,20,20,20,18,18,20,18,19,19,20,18,19,19,20,18,18,18,19,19,20,21,17,19,20,22,19,19,20,19,19,18,20,19,19,20,21,19,20,19,18,19,19,19,18,19,20,18,18,19,20,19,19,19,19,18,20,20,19,19,21,18,20,19,20,19,20,19,21,20,20,18,19,20,22,93,45,19,18,19,19,18,18,22,19,19,19,20,21,22,20,20,19,20,19,19,20,19,19,20,21,19,19,19,18,19,18,20,21,20,21,20,19,17,19,20,18,20,18,19,20,21,19,21,19,20,18,19,19,18,18,17,19,19,18,18,18,20,18,19,19,18,18,18,21,21,19,19,19,20,19,18,17,18,18,18,20,21,20,18,19,20,20,20,19,21,18,21,18,21,20,19,19,20,21,18,19,20,19,21,19,19,19,21,19,18,19,23,21,18,22,19,19,18,19,22,16,19,20,20,19,19,18,18,19,18,19,19,20,19,18,20,22,20,19,19,18,18,18,20,18,18,18,19,20,20,19,18,20,19,18,19,21,20,19,20,20,18,17,18,18,19,18,18,25,19,20,19,19,20,19,18,21,18,18,22,18,19,18,19,17,20,21,20,19,18,18,19,18,18,18,19,19,20,19,18,18,18,19,18,21,19,17,19,20,19,19,18,21,20,19,19,21,19,24,19,20,18,25,19,17,19,20,18,18,21,18,18,20,20,21,18,20,19,19,18,19,20,18,19,20,19,19,60,40,19,19,22,19,19,19,18,17,19,20,20,20,18,18,21,19,18,19,19,20,19,19,19,18,19,18,19,18,19,18,19,19,20,19,19,21,21,20,19,20,19,18,20,19,20,21,20,21,18,19,18,19,18,18,19,19,19,18,18,19,19,20,18,18,18,20,19,19,21,17,18,20,20,18,18,21,20,19,20,19,19,18,20,19,19,18,20,18,18,18,18,18,19,20,18,19,18,19,21,21,21,19,22,21,19,21,20,21,20,19,21,20,19,18,19,19,20,19,19,19,19,19,19,18,17,18,19,18,19,20,19,20,21,19,21,19,21,17,18,19,19,20,19,18,20,19,19,21,21,18,18,18,19,19,18,19,18,18,18,19,18,19,19,19,17,18,18,19,19,17,18,19,19,21,18,18,19,18,19,20,20,17,19,18,21,21,20,18,17,18,20,20,18,19,19,19,19,21,20,18,19,20,18,19,20,18,20,18,19,21,19,18,19,18,18,20,18,18,19,20,18,17,18,22,18,19,19,19,19,20,20,19,18,19,18,19,19,18,18,19,19,18,651,40,21,21,21,21,19,20,19,17,19,18,19,19,17,19,19,19,21,21,20,18,18,21,19,19,19,18,18,18,20,18,19,20,21,18,19,20,18,18,21,19,20,19,18,20,21,18,19,20,19,17,18,22,19,19,20,19,18,19,20,18,20,19,18,18,20,18,18,19,19,19,19,19,18,19,18,18,20,20,18,19,18,20,18,17,19,20,19,21,19,18,18,18,18,19,17,19,20,21,18,18,18,19,21,19,19,17,17,20,21,19,18,19,17,18,18,19,19,19,18,22,19,21,20,19,19,18,19,21,21,19,18,19,18,19,18,20,19,20,21,18,18,19,19,20,19,18,19,19,18,19,18,18,19,18,18,18,17,18,18,19,18,20,19,22,19,18,19,19,20,18,18,19,19,19,18,20,21,21,18,21,18,21,18,19,19,19,19,20,19,19,18,19,18,17,19,18,19,20,18,21,20,18,19,19,19,18,18,17,18,19,18,19,17,19,18,18,19,18,18,19,18,20,19,19,110,20,20,20,19,19,19,20,18,20,19,20,19,19,19,22,22,20,19,19,18,18,18,18,18,19,18,19,18,18,19,18,18],"ExtractionTimes":[0,0,0,0,0,0,0,0,0,0,0,0,0,0,0,0,0,0,0,0,0,0,0,0,0,0,0,0,0,0,0,0,0,0,0,0,0,0,0,0,0,0,0,0,0,0,0,0,0,0,0,0,0,0,0,0,0,0,0,0,0,0,0,0,0,0,0,0,0,0,0,0,0,0,0,0,0,0,0,0,0,0,0,0,0,0,0,0,0,0,0,0,0,0,0,0,0,0,0,0,0,0,0,0,0,0,0,0,0,0,0,0,0,0,0,0,0,0,0,0,0,0,0,0,0,0,0,0,0,0,0,0,0,0,0,0,0,0,0,0,0,0,0,0,0,0,0,0,0,0,0,0,0,0,0,0,0,0,0,0,0,0,0,0,0,0,0,0,0,0,0,0,0,0,0,0,0,0,0,0,0,0,0,0,0,0,0,0,0,0,0,0,0,0,0,0,0,0,0,0,0,0,0,0,0,0,0,0,0,0,0,0,0,0,0,0,0,0,0,0,0,0,0,0,0,0,0,0,0,0,0,0,0,0,0,0,0,0,0,0,0,0,0,0,0,0,0,0,0,0,0,0,0,0,0,0,0,0,0,0,0,0,0,0,0,0,0,0,0,0,0,0,0,0,0,0,0,0,0,0,0,0,0,0,0,0,0,0,0,0,0,0,0,0,0,0,0,0,0,0,0,0,0,0,0,0,0,0,0,0,0,0,0,0,0,0,0,0,0,0,0,0,0,0,0,0,0,0,0,0,0,0,0,0,0,0,0,0,0,0,0,0,0,0,0,0,0,0,0,0,0,0,0,0,0,0,0,0,0,0,0,0,0,0,0,0,0,0,0,0,0,0,0,0,0,0,0,0,0,0,0,0,0,0,0,0,0,0,0,0,0,0,0,0,0,0,0,0,0,0,0,0,0,0,0,0,0,0,0,0,0,0,0,0,0,0,0,0,0,0,0,0,0,0,0,0,0,0,0,0,0,0,0,0,0,0,0,0,0,0,0,0,0,0,0,0,0,0,0,0,0,0,0,0,0,0,0,0,0,0,0,0,0,0,0,0,0,0,0,0,0,0,0,0,0,0,0,0,0,0,0,0,0,0,0,0,0,0,0,0,0,0,0,0,0,0,0,0,0,0,0,0,0,0,0,0,0,0,0,0,0,0,0,0,0,0,0,0,0,0,0,0,0,0,0,0,0,0,0,0,0,0,0,0,0,0,0,0,0,0,0,0,0,0,0,0,0,0,0,0,0,0,0,0,0,0,0,0,0,0,0,0,0,0,0,0,0,0,0,0,0,0,0,0,0,0,0,0,0,0,0,0,0,0,0,0,0,0,0,0,0,0,0,0,0,0,0,0,0,0,0,0,0,0,0,0,0,0,0,0,0,0,0,0,0,0,0,0,0,0,0,0,0,0,0,0,0,0,0,0,0,0,0,0,0,0,0,0,0,0,0,0,0,0,0,0,0,0,0,0,0,0,0,0,0,0,0,0,0,0,0,0,0,0,0,0,0,0,0,0,0,0,0,0,0,0,0,0,0,0,0,0,0,0,0,0,0,0,0,0,0,0,0,0,0,0,0,0,0,0,0,0,0,0,0,0,0,0,0,0,0,0,0,0,0,0,0,0,0,0,0,0,0,0,0,0,0,0,0,0,0,0,0,0,0,0,0,0,0,0,0,0,0,0,0,0,0,0,0,0,0,0,0,0,0,0,0,0,0,0,0,0,0,0,0,0,0,0,0,0,0,0,0,0,0,0,0,0,0,0,0,0,0,0,0,0,0,0,0,0,0,0,0,0,0,0,0,0,0,0,0,0,0,0,0,0,0,0,0,0,0,0,0,0,0,0,0,0,0,0,0,0,0,0,0,0,0,0,0,0,0,0,0,0,0,0,0,0,0,0,0,0,0,0,0,0,0,0,0,0,0,0,0,0,0,0,0,0,0,0,0,0,0,0,0,0,0,0,0,0,0,0,0,0,0,0,0,0,0,0,0,0,0,0,0,0,0,0,0,0,0,0,0,0,0,0,0,0,0,0,0,0,0,0,0,0,0,0,0,0,0,0,0,0,0,0,0,0,0,0,0,0,0,0,0,0,0,0,0,0,0,0,0,0,0,0,0,0,0,0,0,0,0,0,0,0,0,0,0,0,0,0,0,0,0,0,0,0,0,0,0,0,0,0,0,0,0,0,0,0,0,0,0,0,0,0,0,0,0,0,0,0,0,0,0,0,0,0,0,0,0,0,0,0,0,0,0,0,0,0]}