{"RunId":"88cf6edd","WorkbookPath":"C:\\Users\\jdekk\\Downloads\\cp2022-p-scenarioset-20k-2025q3.xlsx","Count":10,"WallTime":6196477,"InsertionTime":{"Total":30228050,"Mean":3358672.222222222,"Std":440844.5782165688,"StdErr":146948.19273885628,"Conf95":{},"Quartile25":3019570,"Quartile50":3409083,"Quartile75":3693150,"IQR":673580,"Min":2712734,"Max":3971024,"Outliers":[]},"CalculationTime":{"Total":110496,"Mean":12277.333333333334,"Std":3298.324157811054,"StdErr":1099.4413859370181,"Conf95":{},"Quartile25":8925,"Quartile50":12979,"Quartile75":14990,"IQR":6065,"Min":7958,"Max":16549,"Outliers":[]},"ExtractionTime":{"Total":1506766,"Mean":167418.44444444444,"Std":131489.52474827712,"StdErr":43829.84158275904,"Conf95":{},"Quartile25":102209,"Quartile50":103222,"Quartile75":123059,"IQR":20850,"Min":97549,"Max":478391,"Outliers":[]},"InsertionTimes":[2545583,2712734,2868624,3019570,3174717,3409083,3547879,3693150,3831269,3971024],"CalculationTimes":[242945,12979,15335,7958,16549,8509,8925,14529,14990,10722],"ExtractionTimes":[356033,287996,111884,103222,102209,478391,102589,99867,97549,123059]}