{"RunId":"61410213","WorkbookPath":"C:\\Users\\jdekk\\Downloads\\cp2022-p-scenarioset-20k-2025q3.xlsx","Count":10,"WallTime":5734755,"InsertionTime":{"Total":31196448,"Mean":3466272,"Std":457390.23477414774,"StdErr":152463.41159138258,"Conf95":{},"Quartile25":3128024,"Quartile50":3458440,"Quartile75":3824461,"IQR":696437,"Min":2802788,"Max":4117928,"Outliers":[]},"CalculationTime":{"Total":313997,"Mean":34888.555555555555,"Std":31009.874060978997,"StdErr":10336.624686992998,"Conf95":{},"Quartile25":13229,"Quartile50":19759,"Quartile75":46085,"IQR":32856,"Min":9138,"Max":89496,"Outliers":[]},"ExtractionTime":{"Total":810174,"Mean":90019.33333333333,"Std":24518.01370421348,"StdErr":8172.671234737827,"Conf95":{},"Quartile25":97742,"Quartile50":99597,"Quartile75":102202,"IQR":4460,"Min":42496,"Max":111457,"Outliers":[]},"InsertionTimes":[2460214,2802788,2961742,3128024,3303977,3458440,3622094,3824461,3976994,4117928],"CalculationTimes":[82566,89496,13229,12434,46085,9138,23647,82745,19759,17464],"ExtractionTimes":[395152,52671,102202,99597,111457,103949,99062,42496,100998,97742]}