{"RunId":"9df256cb","WorkbookPath":"C:\\Users\\jdekk\\Downloads\\cp2022-p-scenarioset-20k-2025q3.xlsx","Count":1000,"WallTime":57516,"InsertionTime":{"Total":0,"Mean":0,"Std":0,"StdErr":0,"Conf95":{},"Quartile25":0,"Quartile50":0,"Quartile75":0,"IQR":0,"Min":0,"Max":0,"Outliers":[]},"CalculationTime":{"Total":17591,"Mean":17.822695035460992,"Std":0.8767747178654925,"StdErr":0.02790804675802554,"Conf95":{},"Quartile25":17,"Quartile50":18,"Quartile75":18,"IQR":1,"Min":16,"Max":195,"Outliers":[50,30,55,29,169,40,195,28]},"ExtractionTime":{"Total":0,"Mean":0,"Std":0,"StdErr":0,"Conf95":{},"Quartile25":0,"Quartile50":0,"Quartile75":0,"IQR":0,"Min":0,"Max":0,"Outliers":[]},"InsertionTimes":[0,0,0,0,0,0,0,0,0,0,0,0,0,0,0,0,0,0,0,0,0,0,0,0,0,0,0,0,0,0,0,0,0,0,0,0,0,0,0,0,0,0,0,0,0,0,0,0,0,0,0,0,0,0,0,0,0,0,0,0,0,0,0,0,0,0,0,0,0,0,0,0,0,0,0,0,0,0,0,0,0,0,0,0,0,0,0,0,0,0,0,0,0,0,0,0,0,0,0,0,0,0,0,0,0,0,0,0,0,0,0,0,0,0,0,0,0,0,0,0,0,0,0,0,0,0,0,0,0,0,0,0,0,0,0,0,0,0,0,0,0,0,0,0,0,0,0,0,0,0,0,0,0,0,0,0,0,0,0,0,0,0,0,0,0,0,0,0,0,0,0,0,0,0,0,0,0,0,0,0,0,0,0,0,0,0,0,0,0,0,0,0,0,0,0,0,0,0,0,0,0,0,0,0,0,0,0,0,0,0,0,0,0,0,0,0,0,0,0,0,0,0,0,0,0,0,0,0,0,0,0,0,0,0,0,0,0,0,0,0,0,0,0,0,0,0,0,0,0,0,0,0,0,0,0,0,0,0,0,0,0,0,0,0,0,0,0,0,0,0,0,0,0,0,0,0,0,0,0,0,0,0,0,0,0,0,0,0,0,0,0,0,0,0,0,0,0,0,0,0,0,0,0,0,0,0,0,0,0,0,0,0,0,0,0,0,0,0,0,0,0,0,0,0,0,0,0,0,0,0,0,0,0,0,0,0,0,0,0,0,0,0,0,0,0,0,0,0,0,0,0,0,0,0,0,0,0,0,0,0,0,0,0,0,0,0,0,0,0,0,0,0,0,0,0,0,0,0,0,0,0,0,0,0,0,0,0,0,0,0,0,0,0,0,0,0,0,0,0,0,0,0,0,0,0,0,0,0,0,0,0,0,0,0,0,0,0,0,0,0,0,0,0,0,0,0,0,0,0,0,0,0,0,0,0,0,0,0,0,0,0,0,0,0,0,0,0,0,0,0,0,0,0,0,0,0,0,0,0,0,0,0,0,0,0,0,0,0,0,0,0,0,0,0,0,0,0,0,0,0,0,0,0,0,0,0,0,0,0,0,0,0,0,0,0,0,0,0,0,0,0,0,0,0,0,0,0,0,0,0,0,0,0,0,0,0,0,0,0,0,0,0,0,0,0,0,0,0,0,0,0,0,0,0,0,0,0,0,0,0,0,0,0,0,0,0,0,0,0,0,0,0,0,0,0,0,0,0,0,0,0,0,0,0,0,0,0,0,0,0,0,0,0,0,0,0,0,0,0,0,0,0,0,0,0,0,0,0,0,0,0,0,0,0,0,0,0,0,0,0,0,0,0,0,0,0,0,0,0,0,0,0,0,0,0,0,0,0,0,0,0,0,0,0,0,0,0,0,0,0,0,0,0,0,0,0,0,0,0,0,0,0,0,0,0,0,0,0,0,0,0,0,0,0,0,0,0,0,0,0,0,0,0,0,0,0,0,0,0,0,0,0,0,0,0,0,0,0,0,0,0,0,0,0,0,0,0,0,0,0,0,0,0,0,0,0,0,0,0,0,0,0,0,0,0,0,0,0,0,0,0,0,0,0,0,0,0,0,0,0,0,0,0,0,0,0,0,0,0,0,0,0,0,0,0,0,0,0,0,0,0,0,0,0,0,0,0,0,0,0,0,0,0,0,0,0,0,0,0,0,0,0,0,0,0,0,0,0,0,0,0,0,0,0,0,0,0,0,0,0,0,0,0,0,0,0,0,0,0,0,0,0,0,0,0,0,0,0,0,0,0,0,0,0,0,0,0,0,0,0,0,0,0,0,0,0,0,0,0,0,0,0,0,0,0,0,0,0,0,0,0,0,0,0,0,0,0,0,0,0,0,0,0,0,0,0,0,0,0,0,0,0,0,0,0,0,0,0,0,0,0,0,0,0,0,0,0,0,0,0,0,0,0,0,0,0,0,0,0,0,0,0,0,0,0,0,0,0,0,0,0,0,0,0,0,0,0,0,0,0,0,0,0,0,0,0,0,0,0,0,0,0,0,0,0,0,0,0,0,0,0,0,0,0,0,0,0,0,0,0,0,0,0,0,0,0,0,0,0,0,0,0,0,0,0,0,0,0,0,0,0,0,0,0,0,0,0,0,0,0,0,0,0,0,0,0,0,0,0,0,0,0,0,0,0,0,0,0,0,0,0,0,0,0,0,0,0,0,0,0,0,0,0,0,0,0,0,0,0,0],"CalculationTimes":[34907,75,27,20,19,19,18,21,18,18,17,17,18,17,18,20,17,18,18,18,19,20,18,18,18,18,18,18,18,20,18,18,17,19,20,18,17,18,18,18,18,18,19,18,19,18,17,17,18,17,17,18,18,17,18,19,18,17,20,18,18,17,17,18,19,18,18,21,20,18,18,18,17,18,18,17,17,17,17,17,17,17,17,17,18,17,17,17,17,18,17,18,18,18,22,19,17,17,17,18,17,16,19,18,18,18,18,18,18,18,17,17,17,17,18,18,19,18,17,18,18,19,17,17,18,20,17,17,17,20,20,20,18,19,18,19,17,18,18,18,17,17,17,18,17,20,18,19,18,17,17,18,17,18,18,17,20,17,17,18,19,17,50,30,19,18,20,18,18,18,18,17,17,18,17,17,17,18,18,18,17,18,19,17,20,17,18,18,17,17,18,20,18,18,17,20,18,18,18,17,18,17,17,18,18,18,19,18,17,17,17,16,19,19,18,18,18,19,18,17,17,17,18,18,17,18,18,18,18,18,19,17,17,18,17,18,17,17,18,17,17,18,19,18,17,18,17,18,19,17,17,17,17,18,19,17,19,21,17,18,18,18,18,18,17,20,20,55,29,18,17,18,18,18,17,17,18,17,20,18,17,17,18,17,17,17,17,18,17,17,18,18,18,18,19,17,19,17,17,18,17,17,18,17,18,18,17,18,18,18,18,17,17,17,18,17,18,18,17,18,18,17,17,17,18,17,18,17,17,18,18,17,18,17,17,17,18,18,17,18,20,18,18,19,17,17,17,17,17,17,18,19,18,18,18,20,17,17,17,17,18,18,17,17,18,19,19,17,17,19,18,20,18,17,18,17,19,18,18,18,18,18,17,17,18,18,17,17,18,17,18,18,18,18,18,18,17,17,18,17,18,20,19,18,18,18,18,18,18,17,17,17,18,17,18,18,18,18,18,18,18,20,18,17,17,18,17,17,18,17,18,20,19,18,17,18,17,17,17,19,18,17,19,18,17,17,17,17,17,18,17,17,18,18,17,18,169,40,21,18,17,18,18,19,20,19,17,19,18,18,20,17,18,17,17,18,17,18,18,18,18,19,18,17,18,17,17,17,17,18,19,17,18,18,17,19,17,17,17,17,17,18,17,17,18,18,18,18,18,17,17,17,17,19,20,18,18,18,19,18,17,17,18,17,20,17,18,18,17,18,17,17,17,17,17,20,17,18,17,19,18,17,18,17,17,17,17,17,18,18,17,18,19,20,18,19,18,18,18,18,17,17,18,18,18,19,18,17,19,18,17,18,19,17,18,19,18,18,19,18,18,17,17,17,17,17,20,17,17,17,18,17,17,18,17,18,18,17,18,18,17,18,18,18,18,17,17,19,18,17,17,19,17,17,18,18,19,19,20,18,17,17,17,18,19,18,17,17,17,18,18,17,17,17,17,17,17,18,17,17,20,19,19,19,19,17,18,19,16,17,17,18,18,18,20,18,18,20,17,17,18,17,17,17,19,18,18,18,17,18,18,17,17,17,17,18,18,19,20,18,18,17,19,19,19,17,19,17,19,17,17,18,17,17,17,17,18,17,17,18,17,17,18,17,17,17,18,17,19,19,17,17,18,18,17,17,18,17,19,17,18,18,17,18,18,17,18,18,19,17,18,18,18,17,17,18,18,18,18,19,18,18,18,17,17,18,17,17,17,18,17,19,18,19,17,17,18,17,17,17,17,18,17,17,18,17,17,17,18,19,18,17,17,17,17,17,19,18,19,18,18,17,18,18,18,17,17,17,18,18,17,19,19,18,19,18,20,17,18,19,20,21,18,18,19,18,17,18,18,18,17,18,17,18,18,18,17,17,18,17,18,17,19,17,18,18,18,17,18,17,17,18,18,18,18,18,17,18,20,19,20,17,17,17,18,17,18,18,17,17,19,19,17,18,18,17,17,18,18,17,18,17,18,19,18,18,18,18,18,17,17,18,17,17,17,19,18,17,18,17,17,18,18,18,18,18,18,18,18,20,18,18,19,19,18,18,17,17,17,18,20,18,20,18,18,18,17,17,18,18,18,17,19,18,18,18,18,19,19,18,17,17,17,17,19,18,17,18,19,17,18,17,17,19,17,17,18,18,18,19,17,17,17,16,19,18,19,21,22,17,18,18,18,19,18,18,17,17,17,17,18,18,18,18,18,18,17,18,17,18,17,17,18,17,18,18,18,17,17,17,17,17,18,17,17,18,18,18,17,17,18,18,195,28,21,20,18,19,19,18],"ExtractionTimes":[0,0,0,0,0,0,0,0,0,0,0,0,0,0,0,0,0,0,0,0,0,0,0,0,0,0,0,0,0,0,0,0,0,0,0,0,0,0,0,0,0,0,0,0,0,0,0,0,0,0,0,0,0,0,0,0,0,0,0,0,0,0,0,0,0,0,0,0,0,0,0,0,0,0,0,0,0,0,0,0,0,0,0,0,0,0,0,0,0,0,0,0,0,0,0,0,0,0,0,0,0,0,0,0,0,0,0,0,0,0,0,0,0,0,0,0,0,0,0,0,0,0,0,0,0,0,0,0,0,0,0,0,0,0,0,0,0,0,0,0,0,0,0,0,0,0,0,0,0,0,0,0,0,0,0,0,0,0,0,0,0,0,0,0,0,0,0,0,0,0,0,0,0,0,0,0,0,0,0,0,0,0,0,0,0,0,0,0,0,0,0,0,0,0,0,0,0,0,0,0,0,0,0,0,0,0,0,0,0,0,0,0,0,0,0,0,0,0,0,0,0,0,0,0,0,0,0,0,0,0,0,0,0,0,0,0,0,0,0,0,0,0,0,0,0,0,0,0,0,0,0,0,0,0,0,0,0,0,0,0,0,0,0,0,0,0,0,0,0,0,0,0,0,0,0,0,0,0,0,0,0,0,0,0,0,0,0,0,0,0,0,0,0,0,0,0,0,0,0,0,0,0,0,0,0,0,0,0,0,0,0,0,0,0,0,0,0,0,0,0,0,0,0,0,0,0,0,0,0,0,0,0,0,0,0,0,0,0,0,0,0,0,0,0,0,0,0,0,0,0,0,0,0,0,0,0,0,0,0,0,0,0,0,0,0,0,0,0,0,0,0,0,0,0,0,0,0,0,0,0,0,0,0,0,0,0,0,0,0,0,0,0,0,0,0,0,0,0,0,0,0,0,0,0,0,0,0,0,0,0,0,0,0,0,0,0,0,0,0,0,0,0,0,0,0,0,0,0,0,0,0,0,0,0,0,0,0,0,0,0,0,0,0,0,0,0,0,0,0,0,0,0,0,0,0,0,0,0,0,0,0,0,0,0,0,0,0,0,0,0,0,0,0,0,0,0,0,0,0,0,0,0,0,0,0,0,0,0,0,0,0,0,0,0,0,0,0,0,0,0,0,0,0,0,0,0,0,0,0,0,0,0,0,0,0,0,0,0,0,0,0,0,0,0,0,0,0,0,0,0,0,0,0,0,0,0,0,0,0,0,0,0,0,0,0,0,0,0,0,0,0,0,0,0,0,0,0,0,0,0,0,0,0,0,0,0,0,0,0,0,0,0,0,0,0,0,0,0,0,0,0,0,0,0,0,0,0,0,0,0,0,0,0,0,0,0,0,0,0,0,0,0,0,0,0,0,0,0,0,0,0,0,0,0,0,0,0,0,0,0,0,0,0,0,0,0,0,0,0,0,0,0,0,0,0,0,0,0,0,0,0,0,0,0,0,0,0,0,0,0,0,0,0,0,0,0,0,0,0,0,0,0,0,0,0,0,0,0,0,0,0,0,0,0,0,0,0,0,0,0,0,0,0,0,0,0,0,0,0,0,0,0,0,0,0,0,0,0,0,0,0,0,0,0,0,0,0,0,0,0,0,0,0,0,0,0,0,0,0,0,0,0,0,0,0,0,0,0,0,0,0,0,0,0,0,0,0,0,0,0,0,0,0,0,0,0,0,0,0,0,0,0,0,0,0,0,0,0,0,0,0,0,0,0,0,0,0,0,0,0,0,0,0,0,0,0,0,0,0,0,0,0,0,0,0,0,0,0,0,0,0,0,0,0,0,0,0,0,0,0,0,0,0,0,0,0,0,0,0,0,0,0,0,0,0,0,0,0,0,0,0,0,0,0,0,0,0,0,0,0,0,0,0,0,0,0,0,0,0,0,0,0,0,0,0,0,0,0,0,0,0,0,0,0,0,0,0,0,0,0,0,0,0,0,0,0,0,0,0,0,0,0,0,0,0,0,0,0,0,0,0,0,0,0,0,0,0,0,0,0,0,0,0,0,0,0,0,0,0,0,0,0,0,0,0,0,0,0,0,0,0,0,0,0,0,0,0,0,0,0,0,0,0,0,0,0,0,0,0,0,0,0,0,0,0,0,0,0,0,0,0,0,0,0,0,0,0,0,0,0,0,0,0,0,0,0,0,0,0,0,0,0,0,0,0,0,0,0,0,0,0,0,0,0,0,0,0,0,0,0,0,0,0,0,0,0,0,0,0,0,0,0,0,0,0,0,0,0,0,0]}