{"RunId":"d144e107","WorkbookPath":"C:\\Users\\jdekk\\source\\uva\\master-thesis\\spreadsheets\\Holiday budget planner (Adapted).xlsx","Count":1000,"WallTime":57762,"InsertionTime":{"Total":0,"Mean":0,"Std":0,"StdErr":0,"Conf95":{},"Quartile25":0,"Quartile50":0,"Quartile75":0,"IQR":0,"Min":0,"Max":0,"Outliers":[]},"CalculationTime":{"Total":17066,"Mean":17.29078014184397,"Std":0.899372160596697,"StdErr":0.028627331285172464,"Conf95":{},"Quartile25":17,"Quartile50":17,"Quartile75":18,"IQR":1,"Min":16,"Max":180,"Outliers":[137,142,36,47,99,47,180,35]},"ExtractionTime":{"Total":0,"Mean":0,"Std":0,"StdErr":0,"Conf95":{},"Quartile25":0,"Quartile50":0,"Quartile75":0,"IQR":0,"Min":0,"Max":0,"Outliers":[]},"InsertionTimes":[0,0,0,0,0,0,0,0,0,0,0,0,0,0,0,0,0,0,0,0,0,0,0,0,0,0,0,0,0,0,0,0,0,0,0,0,0,0,0,0,0,0,0,0,0,0,0,0,0,0,0,0,0,0,0,0,0,0,0,0,0,0,0,0,0,0,0,0,0,0,0,0,0,0,0,0,0,0,0,0,0,0,0,0,0,0,0,0,0,0,0,0,0,0,0,0,0,0,0,0,0,0,0,0,0,0,0,0,0,0,0,0,0,0,0,0,0,0,0,0,0,0,0,0,0,0,0,0,0,0,0,0,0,0,0,0,0,0,0,0,0,0,0,0,0,0,0,0,0,0,0,0,0,0,0,0,0,0,0,0,0,0,0,0,0,0,0,0,0,0,0,0,0,0,0,0,0,0,0,0,0,0,0,0,0,0,0,0,0,0,0,0,0,0,0,0,0,0,0,0,0,0,0,0,0,0,0,0,0,0,0,0,0,0,0,0,0,0,0,0,0,0,0,0,0,0,0,0,0,0,0,0,0,0,0,0,0,0,0,0,0,0,0,0,0,0,0,0,0,0,0,0,0,0,0,0,0,0,0,0,0,0,0,0,0,0,0,0,0,0,0,0,0,0,0,0,0,0,0,0,0,0,0,0,0,0,0,0,0,0,0,0,0,0,0,0,0,0,0,0,0,0,0,0,0,0,0,0,0,0,0,0,0,0,0,0,0,0,0,0,0,0,0,0,0,0,0,0,0,0,0,0,0,0,0,0,0,0,0,0,0,0,0,0,0,0,0,0,0,0,0,0,0,0,0,0,0,0,0,0,0,0,0,0,0,0,0,0,0,0,0,0,0,0,0,0,0,0,0,0,0,0,0,0,0,0,0,0,0,0,0,0,0,0,0,0,0,0,0,0,0,0,0,0,0,0,0,0,0,0,0,0,0,0,0,0,0,0,0,0,0,0,0,0,0,0,0,0,0,0,0,0,0,0,0,0,0,0,0,0,0,0,0,0,0,0,0,0,0,0,0,0,0,0,0,0,0,0,0,0,0,0,0,0,0,0,0,0,0,0,0,0,0,0,0,0,0,0,0,0,0,0,0,0,0,0,0,0,0,0,0,0,0,0,0,0,0,0,0,0,0,0,0,0,0,0,0,0,0,0,0,0,0,0,0,0,0,0,0,0,0,0,0,0,0,0,0,0,0,0,0,0,0,0,0,0,0,0,0,0,0,0,0,0,0,0,0,0,0,0,0,0,0,0,0,0,0,0,0,0,0,0,0,0,0,0,0,0,0,0,0,0,0,0,0,0,0,0,0,0,0,0,0,0,0,0,0,0,0,0,0,0,0,0,0,0,0,0,0,0,0,0,0,0,0,0,0,0,0,0,0,0,0,0,0,0,0,0,0,0,0,0,0,0,0,0,0,0,0,0,0,0,0,0,0,0,0,0,0,0,0,0,0,0,0,0,0,0,0,0,0,0,0,0,0,0,0,0,0,0,0,0,0,0,0,0,0,0,0,0,0,0,0,0,0,0,0,0,0,0,0,0,0,0,0,0,0,0,0,0,0,0,0,0,0,0,0,0,0,0,0,0,0,0,0,0,0,0,0,0,0,0,0,0,0,0,0,0,0,0,0,0,0,0,0,0,0,0,0,0,0,0,0,0,0,0,0,0,0,0,0,0,0,0,0,0,0,0,0,0,0,0,0,0,0,0,0,0,0,0,0,0,0,0,0,0,0,0,0,0,0,0,0,0,0,0,0,0,0,0,0,0,0,0,0,0,0,0,0,0,0,0,0,0,0,0,0,0,0,0,0,0,0,0,0,0,0,0,0,0,0,0,0,0,0,0,0,0,0,0,0,0,0,0,0,0,0,0,0,0,0,0,0,0,0,0,0,0,0,0,0,0,0,0,0,0,0,0,0,0,0,0,0,0,0,0,0,0,0,0,0,0,0,0,0,0,0,0,0,0,0,0,0,0,0,0,0,0,0,0,0,0,0,0,0,0,0,0,0,0,0,0,0,0,0,0,0,0,0,0,0,0,0,0,0,0,0,0,0,0,0,0,0,0,0,0,0,0,0,0,0,0,0,0,0,0,0,0,0,0,0,0,0,0,0,0,0,0,0,0,0,0,0,0,0,0,0,0,0,0,0,0,0,0,0,0,0,0,0,0,0,0,0,0,0,0,0,0,0,0,0,0,0,0,0,0,0,0,0,0,0,0,0,0,0,0,0,0,0,0,0,0,0,0,0,0,0,0,0,0],"CalculationTimes":[35896,69,28,19,18,17,18,17,19,18,17,17,17,18,19,17,18,17,16,16,17,17,18,18,16,16,17,17,18,16,16,16,19,22,17,19,18,17,16,17,18,16,18,17,17,17,18,17,17,17,18,17,17,17,16,16,16,18,17,18,17,17,18,17,17,19,16,16,17,16,16,17,17,17,17,16,17,18,16,16,16,16,17,16,16,20,16,17,17,16,17,16,17,17,19,17,17,17,17,17,17,17,17,17,17,17,17,18,17,16,17,17,18,17,17,17,16,16,17,17,18,17,17,18,17,18,17,18,17,19,18,17,17,17,17,17,17,18,16,17,17,17,16,17,18,16,18,17,18,19,17,16,17,16,16,16,21,18,16,17,17,16,17,18,16,16,17,17,18,17,18,16,20,17,18,17,17,16,16,17,17,16,17,18,17,16,17,18,18,17,16,16,18,17,17,19,17,19,17,17,17,18,17,17,17,17,17,17,18,16,18,18,17,18,17,17,17,17,17,17,16,17,18,16,17,17,17,17,17,17,17,17,17,17,17,18,17,17,17,17,17,17,18,17,18,17,16,18,18,137,18,18,17,16,16,18,16,20,17,18,17,17,18,17,18,17,17,18,16,17,20,17,19,17,17,17,17,17,19,18,18,17,17,16,18,17,17,17,17,17,17,17,16,17,17,17,18,17,18,17,17,17,16,18,17,16,17,19,17,19,17,17,17,17,17,17,16,16,17,18,16,17,16,16,16,16,16,16,16,17,16,18,17,18,18,17,16,17,16,17,17,16,16,17,18,18,19,17,16,17,17,17,16,16,16,16,17,17,16,17,16,16,16,17,16,17,16,16,17,17,18,18,16,17,17,17,17,16,17,18,17,18,17,17,18,16,17,17,18,16,142,36,18,18,18,17,17,18,17,17,18,20,17,17,17,18,19,18,18,16,19,17,17,17,17,17,18,17,17,18,16,17,17,17,16,17,17,18,16,16,17,18,18,17,19,18,17,17,18,17,17,16,18,19,18,17,17,17,17,18,19,18,16,16,17,18,17,16,17,16,17,19,18,16,17,17,16,17,17,20,17,17,17,17,19,17,16,16,16,16,18,17,18,17,17,18,17,17,17,17,16,17,17,17,18,17,17,17,17,17,17,17,16,16,17,18,21,18,18,17,16,17,18,47,18,19,17,17,19,17,17,17,17,17,18,17,17,17,17,17,18,19,18,20,19,17,17,17,17,16,17,18,17,16,17,18,18,17,17,17,17,17,17,18,18,17,19,17,18,17,17,18,17,17,17,17,17,17,17,17,18,16,17,16,17,19,16,17,17,17,17,17,18,18,18,19,17,17,16,16,17,17,18,18,17,18,17,17,17,18,17,16,16,18,17,18,17,17,17,17,17,16,17,17,17,18,17,17,18,18,17,17,17,17,16,17,17,17,18,17,16,17,17,17,18,17,16,17,17,16,18,17,18,17,16,17,18,18,17,16,17,18,16,16,17,17,18,20,17,18,17,17,18,17,18,17,17,18,17,19,20,17,17,17,18,16,16,19,18,18,18,17,18,17,17,18,17,17,16,17,19,17,17,20,17,17,18,18,17,18,16,16,18,17,19,17,17,19,19,17,16,17,17,16,17,17,17,17,18,17,17,18,19,17,18,16,19,17,19,17,19,17,19,16,18,18,18,18,18,20,20,18,18,18,18,19,18,17,18,19,17,17,16,18,19,18,19,17,16,18,18,17,17,18,18,17,17,18,17,19,18,20,17,18,17,18,18,16,17,17,18,17,19,17,99,47,19,17,16,17,18,19,17,20,17,18,17,17,17,17,17,16,17,18,18,19,19,17,18,18,17,18,17,16,18,18,18,17,18,16,17,17,20,17,17,17,19,17,18,17,18,18,18,18,17,17,18,16,18,18,19,17,17,18,18,17,19,17,17,17,19,16,19,17,17,18,18,19,18,18,18,17,19,17,19,18,17,17,17,19,18,18,18,19,17,16,18,16,18,17,17,17,17,17,18,18,17,17,16,17,17,16,19,18,17,17,18,17,17,17,17,17,17,18,18,17,16,17,17,17,19,17,16,16,17,17,17,17,17,18,18,18,18,18,17,18,18,180,35,17,17,18,18,18,17,17,17,19,17,18,18,17,17,18,19,19,17,17,17,18,16,18,17,18,19,19,17,18,17,17,18,18,17,17,18,19,17,18,18,17,18,18,17,19,16,18,16,17,17,18,18,18,17,19,18,19,17,17,18,17,17,16,18,18,16,17,17,19,17,17],"ExtractionTimes":[0,0,0,0,0,0,0,0,0,0,0,0,0,0,0,0,0,0,0,0,0,0,0,0,0,0,0,0,0,0,0,0,0,0,0,0,0,0,0,0,0,0,0,0,0,0,0,0,0,0,0,0,0,0,0,0,0,0,0,0,0,0,0,0,0,0,0,0,0,0,0,0,0,0,0,0,0,0,0,0,0,0,0,0,0,0,0,0,0,0,0,0,0,0,0,0,0,0,0,0,0,0,0,0,0,0,0,0,0,0,0,0,0,0,0,0,0,0,0,0,0,0,0,0,0,0,0,0,0,0,0,0,0,0,0,0,0,0,0,0,0,0,0,0,0,0,0,0,0,0,0,0,0,0,0,0,0,0,0,0,0,0,0,0,0,0,0,0,0,0,0,0,0,0,0,0,0,0,0,0,0,0,0,0,0,0,0,0,0,0,0,0,0,0,0,0,0,0,0,0,0,0,0,0,0,0,0,0,0,0,0,0,0,0,0,0,0,0,0,0,0,0,0,0,0,0,0,0,0,0,0,0,0,0,0,0,0,0,0,0,0,0,0,0,0,0,0,0,0,0,0,0,0,0,0,0,0,0,0,0,0,0,0,0,0,0,0,0,0,0,0,0,0,0,0,0,0,0,0,0,0,0,0,0,0,0,0,0,0,0,0,0,0,0,0,0,0,0,0,0,0,0,0,0,0,0,0,0,0,0,0,0,0,0,0,0,0,0,0,0,0,0,0,0,0,0,0,0,0,0,0,0,0,0,0,0,0,0,0,0,0,0,0,0,0,0,0,0,0,0,0,0,0,0,0,0,0,0,0,0,0,0,0,0,0,0,0,0,0,0,0,0,0,0,0,0,0,0,0,0,0,0,0,0,0,0,0,0,0,0,0,0,0,0,0,0,0,0,0,0,0,0,0,0,0,0,0,0,0,0,0,0,0,0,0,0,0,0,0,0,0,0,0,0,0,0,0,0,0,0,0,0,0,0,0,0,0,0,0,0,0,0,0,0,0,0,0,0,0,0,0,0,0,0,0,0,0,0,0,0,0,0,0,0,0,0,0,0,0,0,0,0,0,0,0,0,0,0,0,0,0,0,0,0,0,0,0,0,0,0,0,0,0,0,0,0,0,0,0,0,0,0,0,0,0,0,0,0,0,0,0,0,0,0,0,0,0,0,0,0,0,0,0,0,0,0,0,0,0,0,0,0,0,0,0,0,0,0,0,0,0,0,0,0,0,0,0,0,0,0,0,0,0,0,0,0,0,0,0,0,0,0,0,0,0,0,0,0,0,0,0,0,0,0,0,0,0,0,0,0,0,0,0,0,0,0,0,0,0,0,0,0,0,0,0,0,0,0,0,0,0,0,0,0,0,0,0,0,0,0,0,0,0,0,0,0,0,0,0,0,0,0,0,0,0,0,0,0,0,0,0,0,0,0,0,0,0,0,0,0,0,0,0,0,0,0,0,0,0,0,0,0,0,0,0,0,0,0,0,0,0,0,0,0,0,0,0,0,0,0,0,0,0,0,0,0,0,0,0,0,0,0,0,0,0,0,0,0,0,0,0,0,0,0,0,0,0,0,0,0,0,0,0,0,0,0,0,0,0,0,0,0,0,0,0,0,0,0,0,0,0,0,0,0,0,0,0,0,0,0,0,0,0,0,0,0,0,0,0,0,0,0,0,0,0,0,0,0,0,0,0,0,0,0,0,0,0,0,0,0,0,0,0,0,0,0,0,0,0,0,0,0,0,0,0,0,0,0,0,0,0,0,0,0,0,0,0,0,0,0,0,0,0,0,0,0,0,0,0,0,0,0,0,0,0,0,0,0,0,0,0,0,0,0,0,0,0,0,0,0,0,0,0,0,0,0,0,0,0,0,0,0,0,0,0,0,0,0,0,0,0,0,0,0,0,0,0,0,0,0,0,0,0,0,0,0,0,0,0,0,0,0,0,0,0,0,0,0,0,0,0,0,0,0,0,0,0,0,0,0,0,0,0,0,0,0,0,0,0,0,0,0,0,0,0,0,0,0,0,0,0,0,0,0,0,0,0,0,0,0,0,0,0,0,0,0,0,0,0,0,0,0,0,0,0,0,0,0,0,0,0,0,0,0,0,0,0,0,0,0,0,0,0,0,0,0,0,0,0,0,0,0,0,0,0,0,0,0,0,0,0,0,0,0,0,0,0,0,0,0,0,0,0,0,0,0,0,0,0,0,0,0,0,0,0,0,0,0,0,0,0,0,0,0,0,0,0,0,0,0]}