{"RunId":"0a28ed21","WorkbookPath":"C:\\Users\\jdekk\\Downloads\\cp2022-p-scenarioset-20k-2025q3.xlsx","Count":10,"WallTime":1968936,"InsertionTime":{"Total":11231361,"Mean":1247929,"Std":147797.00414927225,"StdErr":49265.66804975742,"Conf95":{},"Quartile25":1141204,"Quartile50":1256075,"Quartile75":1355533,"IQR":214329,"Min":1029033,"Max":1460054,"Outliers":[]},"CalculationTime":{"Total":45125,"Mean":5013.888888888889,"Std":339.2058535920498,"StdErr":113.06861786401659,"Conf95":{},"Quartile25":4821,"Quartile50":4950,"Quartile75":5188,"IQR":367,"Min":4491,"Max":5593,"Outliers":[]},"ExtractionTime":{"Total":207848,"Mean":23094.222222222223,"Std":1415.1293914142425,"StdErr":471.70979713808083,"Conf95":{},"Quartile25":21985,"Quartile50":22719,"Quartile75":23488,"IQR":1503,"Min":21451,"Max":25410,"Outliers":[]},"InsertionTimes":[968105,1029033,1078592,1141204,1201487,1256075,1303821,1355533,1405562,1460054],"CalculationTimes":[8570,5593,5176,4491,4950,4729,5188,4842,4821,5335],"ExtractionTimes":[237801,23174,25410,21779,23488,21985,22719,22631,21451,25211]}