{"RunId":"11c5723a","WorkbookPath":"C:\\Users\\jdekk\\Downloads\\cp2022-p-scenarioset-20k-2025q3.xlsx","Count":1000,"WallTime":57057,"InsertionTime":{"Total":0,"Mean":0,"Std":0,"StdErr":0,"Conf95":{},"Quartile25":0,"Quartile50":0,"Quartile75":0,"IQR":0,"Min":0,"Max":0,"Outliers":[]},"CalculationTime":{"Total":17046,"Mean":17.253036437246962,"Std":1.0665499353656238,"StdErr":0.03393147364129735,"Conf95":{},"Quartile25":17,"Quartile50":17,"Quartile75":18,"IQR":1,"Min":16,"Max":244,"Outliers":[244,140,37,233,105,80,45]},"ExtractionTime":{"Total":0,"Mean":0,"Std":0,"StdErr":0,"Conf95":{},"Quartile25":0,"Quartile50":0,"Quartile75":0,"IQR":0,"Min":0,"Max":0,"Outliers":[]},"InsertionTimes":[0,0,0,0,0,0,0,0,0,0,0,0,0,0,0,0,0,0,0,0,0,0,0,0,0,0,0,0,0,0,0,0,0,0,0,0,0,0,0,0,0,0,0,0,0,0,0,0,0,0,0,0,0,0,0,0,0,0,0,0,0,0,0,0,0,0,0,0,0,0,0,0,0,0,0,0,0,0,0,0,0,0,0,0,0,0,0,0,0,0,0,0,0,0,0,0,0,0,0,0,0,0,0,0,0,0,0,0,0,0,0,0,0,0,0,0,0,0,0,0,0,0,0,0,0,0,0,0,0,0,0,0,0,0,0,0,0,0,0,0,0,0,0,0,0,0,0,0,0,0,0,0,0,0,0,0,0,0,0,0,0,0,0,0,0,0,0,0,0,0,0,0,0,0,0,0,0,0,0,0,0,0,0,0,0,0,0,0,0,0,0,0,0,0,0,0,0,0,0,0,0,0,0,0,0,0,0,0,0,0,0,0,0,0,0,0,0,0,0,0,0,0,0,0,0,0,0,0,0,0,0,0,0,0,0,0,0,0,0,0,0,0,0,0,0,0,0,0,0,0,0,0,0,0,0,0,0,0,0,0,0,0,0,0,0,0,0,0,0,0,0,0,0,0,0,0,0,0,0,0,0,0,0,0,0,0,0,0,0,0,0,0,0,0,0,0,0,0,0,0,0,0,0,0,0,0,0,0,0,0,0,0,0,0,0,0,0,0,0,0,0,0,0,0,0,0,0,0,0,0,0,0,0,0,0,0,0,0,0,0,0,0,0,0,0,0,0,0,0,0,0,0,0,0,0,0,0,0,0,0,0,0,0,0,0,0,0,0,0,0,0,0,0,0,0,0,0,0,0,0,0,0,0,0,0,0,0,0,0,0,0,0,0,0,0,0,0,0,0,0,0,0,0,0,0,0,0,0,0,0,0,0,0,0,0,0,0,0,0,0,0,0,0,0,0,0,0,0,0,0,0,0,0,0,0,0,0,0,0,0,0,0,0,0,0,0,0,0,0,0,0,0,0,0,0,0,0,0,0,0,0,0,0,0,0,0,0,0,0,0,0,0,0,0,0,0,0,0,0,0,0,0,0,0,0,0,0,0,0,0,0,0,0,0,0,0,0,0,0,0,0,0,0,0,0,0,0,0,0,0,0,0,0,0,0,0,0,0,0,0,0,0,0,0,0,0,0,0,0,0,0,0,0,0,0,0,0,0,0,0,0,0,0,0,0,0,0,0,0,0,0,0,0,0,0,0,0,0,0,0,0,0,0,0,0,0,0,0,0,0,0,0,0,0,0,0,0,0,0,0,0,0,0,0,0,0,0,0,0,0,0,0,0,0,0,0,0,0,0,0,0,0,0,0,0,0,0,0,0,0,0,0,0,0,0,0,0,0,0,0,0,0,0,0,0,0,0,0,0,0,0,0,0,0,0,0,0,0,0,0,0,0,0,0,0,0,0,0,0,0,0,0,0,0,0,0,0,0,0,0,0,0,0,0,0,0,0,0,0,0,0,0,0,0,0,0,0,0,0,0,0,0,0,0,0,0,0,0,0,0,0,0,0,0,0,0,0,0,0,0,0,0,0,0,0,0,0,0,0,0,0,0,0,0,0,0,0,0,0,0,0,0,0,0,0,0,0,0,0,0,0,0,0,0,0,0,0,0,0,0,0,0,0,0,0,0,0,0,0,0,0,0,0,0,0,0,0,0,0,0,0,0,0,0,0,0,0,0,0,0,0,0,0,0,0,0,0,0,0,0,0,0,0,0,0,0,0,0,0,0,0,0,0,0,0,0,0,0,0,0,0,0,0,0,0,0,0,0,0,0,0,0,0,0,0,0,0,0,0,0,0,0,0,0,0,0,0,0,0,0,0,0,0,0,0,0,0,0,0,0,0,0,0,0,0,0,0,0,0,0,0,0,0,0,0,0,0,0,0,0,0,0,0,0,0,0,0,0,0,0,0,0,0,0,0,0,0,0,0,0,0,0,0,0,0,0,0,0,0,0,0,0,0,0,0,0,0,0,0,0,0,0,0,0,0,0,0,0,0,0,0,0,0,0,0,0,0,0,0,0,0,0,0,0,0,0,0,0,0,0,0,0,0,0,0,0,0,0,0,0,0,0,0,0,0,0,0,0,0,0,0,0,0,0,0,0,0,0,0,0,0,0,0,0,0,0,0,0,0,0,0,0,0,0,0,0,0,0,0,0,0,0,0,0,0,0,0,0,0,0,0,0,0,0,0,0,0,0,0,0],"CalculationTimes":[35326,66,27,18,18,17,17,17,17,17,20,18,17,17,17,17,17,18,17,17,17,17,17,16,19,17,17,17,17,17,17,17,17,20,18,18,18,17,18,17,17,17,17,17,17,17,16,18,17,18,17,16,17,244,26,17,16,17,17,17,17,18,18,19,18,18,17,140,20,18,18,17,18,17,18,18,18,20,18,17,17,17,17,17,17,19,18,16,17,17,17,17,16,16,17,18,18,19,19,18,18,17,17,17,19,17,17,17,17,17,18,18,17,18,18,17,17,18,17,17,18,17,18,17,18,18,17,17,17,19,17,17,17,19,19,18,18,18,17,17,17,18,17,17,18,17,18,19,19,17,17,16,17,17,18,17,20,18,19,16,18,17,17,17,17,17,17,17,17,17,17,18,17,18,16,18,18,17,16,17,17,17,16,19,17,17,17,18,16,17,17,17,17,17,17,17,16,18,18,16,16,16,18,17,17,17,16,16,16,18,16,18,17,17,17,17,17,17,18,17,17,17,16,17,17,17,17,17,18,18,17,16,16,16,16,18,17,17,16,17,17,17,17,16,16,18,18,18,17,17,16,16,17,17,18,17,18,19,17,17,17,17,17,17,18,17,17,17,18,17,17,17,18,18,18,17,18,17,18,17,18,17,17,17,18,17,16,17,17,17,18,17,16,16,16,17,17,18,18,18,17,17,17,17,16,16,17,17,18,20,18,18,17,17,16,16,17,18,16,17,17,17,17,17,18,17,17,17,17,17,16,16,17,16,17,17,17,17,17,17,18,17,17,17,16,17,17,17,17,17,16,17,18,17,17,16,16,16,17,18,18,17,17,18,17,17,17,17,16,18,17,18,17,17,17,16,18,17,17,16,17,18,17,16,18,18,17,17,17,17,17,17,17,16,16,18,17,17,18,17,17,19,17,17,16,17,17,17,17,17,17,18,17,18,17,18,17,16,18,18,17,17,19,17,17,19,17,17,19,17,16,16,17,17,17,18,17,16,18,17,17,17,17,16,18,19,17,17,18,17,17,17,17,16,17,17,17,17,18,17,17,16,19,17,16,17,16,17,17,17,17,18,17,17,17,17,17,17,16,16,17,17,17,17,16,18,17,17,17,17,17,17,17,18,17,18,18,17,16,17,17,17,17,17,16,16,17,16,17,17,17,18,17,22,19,19,17,17,16,18,17,17,19,18,17,18,18,17,17,17,18,17,17,17,17,17,17,18,17,17,17,17,18,17,16,17,37,28,25,26,26,27,23,17,18,16,17,17,17,18,17,17,17,17,17,17,17,16,16,18,19,18,19,17,17,17,17,17,17,18,17,17,17,18,18,17,17,17,17,18,17,16,17,19,18,17,17,18,17,18,16,17,17,17,17,17,17,17,17,18,17,233,18,19,17,17,18,18,17,18,19,16,18,17,17,17,17,17,17,17,17,18,19,17,18,16,18,17,17,18,17,17,17,16,17,17,19,18,17,18,17,17,17,17,17,18,19,16,16,17,18,17,16,16,17,16,17,17,17,17,17,16,17,17,18,17,17,17,16,16,16,19,17,16,17,17,17,105,18,17,17,17,18,18,19,17,17,17,17,18,17,17,17,17,17,16,17,17,18,19,16,19,17,17,17,16,17,17,17,19,17,18,16,17,17,17,17,18,17,17,16,18,17,17,17,17,19,17,18,17,16,17,17,16,19,17,17,17,18,18,17,17,17,18,19,17,18,17,16,17,17,17,17,17,17,16,17,17,17,17,17,18,17,18,17,17,17,16,17,17,17,17,19,17,17,17,17,17,17,17,18,18,17,17,17,17,17,17,17,18,18,17,17,17,17,17,17,17,20,18,17,18,18,17,17,16,16,17,17,17,18,18,17,17,17,17,17,18,16,16,17,20,18,18,17,17,17,17,17,16,17,16,17,17,17,17,16,18,18,17,18,17,17,17,17,17,18,19,18,17,17,17,18,16,17,16,16,16,18,17,17,17,17,17,17,17,20,17,17,17,17,18,17,17,16,17,17,18,18,16,16,17,18,19,17,18,17,17,17,16,16,17,18,17,17,19,16,16,17,17,17,16,17,18,17,18,16,17,17,17,18,17,17,18,17,16,17,17,18,18,17,17,17,18,17,17,17,16,16,18,17,19,17,17,16,17,17,17,19,16,16,17,16,17,19,17,80,45,18,17,16,17,17,17,17,18,18,17,17,17,17,17,18,17,17,17,18,17,17,17,17,17,18,17,17,19,17,17,17,16,17,17,17,17,17,17,16,17,16,16],"ExtractionTimes":[0,0,0,0,0,0,0,0,0,0,0,0,0,0,0,0,0,0,0,0,0,0,0,0,0,0,0,0,0,0,0,0,0,0,0,0,0,0,0,0,0,0,0,0,0,0,0,0,0,0,0,0,0,0,0,0,0,0,0,0,0,0,0,0,0,0,0,0,0,0,0,0,0,0,0,0,0,0,0,0,0,0,0,0,0,0,0,0,0,0,0,0,0,0,0,0,0,0,0,0,0,0,0,0,0,0,0,0,0,0,0,0,0,0,0,0,0,0,0,0,0,0,0,0,0,0,0,0,0,0,0,0,0,0,0,0,0,0,0,0,0,0,0,0,0,0,0,0,0,0,0,0,0,0,0,0,0,0,0,0,0,0,0,0,0,0,0,0,0,0,0,0,0,0,0,0,0,0,0,0,0,0,0,0,0,0,0,0,0,0,0,0,0,0,0,0,0,0,0,0,0,0,0,0,0,0,0,0,0,0,0,0,0,0,0,0,0,0,0,0,0,0,0,0,0,0,0,0,0,0,0,0,0,0,0,0,0,0,0,0,0,0,0,0,0,0,0,0,0,0,0,0,0,0,0,0,0,0,0,0,0,0,0,0,0,0,0,0,0,0,0,0,0,0,0,0,0,0,0,0,0,0,0,0,0,0,0,0,0,0,0,0,0,0,0,0,0,0,0,0,0,0,0,0,0,0,0,0,0,0,0,0,0,0,0,0,0,0,0,0,0,0,0,0,0,0,0,0,0,0,0,0,0,0,0,0,0,0,0,0,0,0,0,0,0,0,0,0,0,0,0,0,0,0,0,0,0,0,0,0,0,0,0,0,0,0,0,0,0,0,0,0,0,0,0,0,0,0,0,0,0,0,0,0,0,0,0,0,0,0,0,0,0,0,0,0,0,0,0,0,0,0,0,0,0,0,0,0,0,0,0,0,0,0,0,0,0,0,0,0,0,0,0,0,0,0,0,0,0,0,0,0,0,0,0,0,0,0,0,0,0,0,0,0,0,0,0,0,0,0,0,0,0,0,0,0,0,0,0,0,0,0,0,0,0,0,0,0,0,0,0,0,0,0,0,0,0,0,0,0,0,0,0,0,0,0,0,0,0,0,0,0,0,0,0,0,0,0,0,0,0,0,0,0,0,0,0,0,0,0,0,0,0,0,0,0,0,0,0,0,0,0,0,0,0,0,0,0,0,0,0,0,0,0,0,0,0,0,0,0,0,0,0,0,0,0,0,0,0,0,0,0,0,0,0,0,0,0,0,0,0,0,0,0,0,0,0,0,0,0,0,0,0,0,0,0,0,0,0,0,0,0,0,0,0,0,0,0,0,0,0,0,0,0,0,0,0,0,0,0,0,0,0,0,0,0,0,0,0,0,0,0,0,0,0,0,0,0,0,0,0,0,0,0,0,0,0,0,0,0,0,0,0,0,0,0,0,0,0,0,0,0,0,0,0,0,0,0,0,0,0,0,0,0,0,0,0,0,0,0,0,0,0,0,0,0,0,0,0,0,0,0,0,0,0,0,0,0,0,0,0,0,0,0,0,0,0,0,0,0,0,0,0,0,0,0,0,0,0,0,0,0,0,0,0,0,0,0,0,0,0,0,0,0,0,0,0,0,0,0,0,0,0,0,0,0,0,0,0,0,0,0,0,0,0,0,0,0,0,0,0,0,0,0,0,0,0,0,0,0,0,0,0,0,0,0,0,0,0,0,0,0,0,0,0,0,0,0,0,0,0,0,0,0,0,0,0,0,0,0,0,0,0,0,0,0,0,0,0,0,0,0,0,0,0,0,0,0,0,0,0,0,0,0,0,0,0,0,0,0,0,0,0,0,0,0,0,0,0,0,0,0,0,0,0,0,0,0,0,0,0,0,0,0,0,0,0,0,0,0,0,0,0,0,0,0,0,0,0,0,0,0,0,0,0,0,0,0,0,0,0,0,0,0,0,0,0,0,0,0,0,0,0,0,0,0,0,0,0,0,0,0,0,0,0,0,0,0,0,0,0,0,0,0,0,0,0,0,0,0,0,0,0,0,0,0,0,0,0,0,0,0,0,0,0,0,0,0,0,0,0,0,0,0,0,0,0,0,0,0,0,0,0,0,0,0,0,0,0,0,0,0,0,0,0,0,0,0,0,0,0,0,0,0,0,0,0,0,0,0,0,0,0,0,0,0,0,0,0,0,0,0,0,0,0,0,0,0,0,0,0,0,0,0,0,0,0,0,0,0,0,0,0,0,0,0,0,0,0,0]}