{"RunId":"e8e7b86e","WorkbookPath":"C:\\Users\\jdekk\\Downloads\\cp2022-p-scenarioset-20k-2025q3.xlsx","Count":1000,"WallTime":65900,"InsertionTime":{"Total":0,"Mean":0,"Std":0,"StdErr":0,"Conf95":{},"Quartile25":0,"Quartile50":0,"Quartile75":0,"IQR":0,"Min":0,"Max":0,"Outliers":[]},"CalculationTime":{"Total":17523,"Mean":17.807926829268293,"Std":0.7236016582686469,"StdErr":0.02306757834230524,"Conf95":{},"Quartile25":17,"Quartile50":18,"Quartile75":18,"IQR":1,"Min":17,"Max":110,"Outliers":[21,21,21,21,110,31,21,21,21,22,21]},"ExtractionTime":{"Total":0,"Mean":0,"Std":0,"StdErr":0,"Conf95":{},"Quartile25":0,"Quartile50":0,"Quartile75":0,"IQR":0,"Min":0,"Max":0,"Outliers":[]},"InsertionTimes":[0,0,0,0,0,0,0,0,0,0,0,0,0,0,0,0,0,0,0,0,0,0,0,0,0,0,0,0,0,0,0,0,0,0,0,0,0,0,0,0,0,0,0,0,0,0,0,0,0,0,0,0,0,0,0,0,0,0,0,0,0,0,0,0,0,0,0,0,0,0,0,0,0,0,0,0,0,0,0,0,0,0,0,0,0,0,0,0,0,0,0,0,0,0,0,0,0,0,0,0,0,0,0,0,0,0,0,0,0,0,0,0,0,0,0,0,0,0,0,0,0,0,0,0,0,0,0,0,0,0,0,0,0,0,0,0,0,0,0,0,0,0,0,0,0,0,0,0,0,0,0,0,0,0,0,0,0,0,0,0,0,0,0,0,0,0,0,0,0,0,0,0,0,0,0,0,0,0,0,0,0,0,0,0,0,0,0,0,0,0,0,0,0,0,0,0,0,0,0,0,0,0,0,0,0,0,0,0,0,0,0,0,0,0,0,0,0,0,0,0,0,0,0,0,0,0,0,0,0,0,0,0,0,0,0,0,0,0,0,0,0,0,0,0,0,0,0,0,0,0,0,0,0,0,0,0,0,0,0,0,0,0,0,0,0,0,0,0,0,0,0,0,0,0,0,0,0,0,0,0,0,0,0,0,0,0,0,0,0,0,0,0,0,0,0,0,0,0,0,0,0,0,0,0,0,0,0,0,0,0,0,0,0,0,0,0,0,0,0,0,0,0,0,0,0,0,0,0,0,0,0,0,0,0,0,0,0,0,0,0,0,0,0,0,0,0,0,0,0,0,0,0,0,0,0,0,0,0,0,0,0,0,0,0,0,0,0,0,0,0,0,0,0,0,0,0,0,0,0,0,0,0,0,0,0,0,0,0,0,0,0,0,0,0,0,0,0,0,0,0,0,0,0,0,0,0,0,0,0,0,0,0,0,0,0,0,0,0,0,0,0,0,0,0,0,0,0,0,0,0,0,0,0,0,0,0,0,0,0,0,0,0,0,0,0,0,0,0,0,0,0,0,0,0,0,0,0,0,0,0,0,0,0,0,0,0,0,0,0,0,0,0,0,0,0,0,0,0,0,0,0,0,0,0,0,0,0,0,0,0,0,0,0,0,0,0,0,0,0,0,0,0,0,0,0,0,0,0,0,0,0,0,0,0,0,0,0,0,0,0,0,0,0,0,0,0,0,0,0,0,0,0,0,0,0,0,0,0,0,0,0,0,0,0,0,0,0,0,0,0,0,0,0,0,0,0,0,0,0,0,0,0,0,0,0,0,0,0,0,0,0,0,0,0,0,0,0,0,0,0,0,0,0,0,0,0,0,0,0,0,0,0,0,0,0,0,0,0,0,0,0,0,0,0,0,0,0,0,0,0,0,0,0,0,0,0,0,0,0,0,0,0,0,0,0,0,0,0,0,0,0,0,0,0,0,0,0,0,0,0,0,0,0,0,0,0,0,0,0,0,0,0,0,0,0,0,0,0,0,0,0,0,0,0,0,0,0,0,0,0,0,0,0,0,0,0,0,0,0,0,0,0,0,0,0,0,0,0,0,0,0,0,0,0,0,0,0,0,0,0,0,0,0,0,0,0,0,0,0,0,0,0,0,0,0,0,0,0,0,0,0,0,0,0,0,0,0,0,0,0,0,0,0,0,0,0,0,0,0,0,0,0,0,0,0,0,0,0,0,0,0,0,0,0,0,0,0,0,0,0,0,0,0,0,0,0,0,0,0,0,0,0,0,0,0,0,0,0,0,0,0,0,0,0,0,0,0,0,0,0,0,0,0,0,0,0,0,0,0,0,0,0,0,0,0,0,0,0,0,0,0,0,0,0,0,0,0,0,0,0,0,0,0,0,0,0,0,0,0,0,0,0,0,0,0,0,0,0,0,0,0,0,0,0,0,0,0,0,0,0,0,0,0,0,0,0,0,0,0,0,0,0,0,0,0,0,0,0,0,0,0,0,0,0,0,0,0,0,0,0,0,0,0,0,0,0,0,0,0,0,0,0,0,0,0,0,0,0,0,0,0,0,0,0,0,0,0,0,0,0,0,0,0,0,0,0,0,0,0,0,0,0,0,0,0,0,0,0,0,0,0,0,0,0,0,0,0,0,0,0,0,0,0,0,0,0,0,0,0,0,0,0,0,0,0,0,0,0,0,0,0,0,0,0,0,0,0,0,0,0,0,0,0,0,0,0,0,0,0,0,0,0,0,0,0,0,0,0,0,0,0,0,0,0,0,0,0,0,0,0],"CalculationTimes":[42607,68,25,19,18,18,18,18,19,18,19,18,17,18,17,18,18,17,18,17,17,18,18,17,18,17,17,17,17,18,18,17,20,21,19,19,18,18,18,18,17,18,17,18,17,18,17,17,18,18,17,17,18,18,17,17,18,18,17,19,19,17,17,21,17,18,17,17,17,17,18,17,17,17,17,18,18,18,17,17,17,18,18,19,17,17,18,18,19,17,19,17,17,19,18,18,17,17,17,18,18,17,17,18,17,17,17,20,18,17,18,17,17,17,17,17,18,17,17,19,18,18,18,17,19,17,18,17,18,19,18,18,18,18,17,18,17,17,18,18,17,17,18,17,18,18,18,20,17,18,18,17,17,17,17,19,18,18,19,18,17,19,17,18,17,18,17,18,17,17,18,18,19,18,17,18,17,18,17,18,18,19,18,21,17,17,19,18,17,17,18,17,17,18,18,19,18,18,17,17,18,18,17,18,17,18,17,18,18,19,19,19,18,17,17,19,21,18,18,18,18,18,18,17,18,17,17,17,18,18,18,19,19,17,17,18,18,18,17,18,17,18,19,18,18,18,18,19,18,17,17,18,18,18,17,17,19,20,20,20,18,19,18,18,17,18,17,18,17,18,19,17,18,17,18,18,17,17,19,17,17,18,18,17,17,18,18,18,18,17,17,19,17,17,17,18,17,17,18,18,17,17,18,17,18,17,18,18,17,19,18,18,17,17,17,18,17,17,17,17,18,17,19,17,18,18,17,18,17,17,17,17,17,17,18,17,17,17,17,18,18,18,17,18,19,18,17,17,18,17,17,18,17,110,31,19,19,19,18,18,18,18,18,18,18,17,17,18,17,17,19,20,17,18,18,18,18,18,17,17,19,18,18,17,18,20,17,19,17,18,18,17,17,17,17,17,18,18,17,18,21,18,19,18,17,17,18,18,18,18,17,18,17,20,19,18,19,17,18,18,18,18,17,18,18,18,17,17,17,17,18,20,19,19,18,18,18,18,18,18,18,17,18,18,18,19,18,18,20,17,18,18,17,17,17,17,18,19,18,18,18,17,18,17,18,19,18,17,18,19,18,18,18,18,18,17,17,18,18,17,18,18,18,18,18,18,18,18,18,19,17,18,18,18,17,17,19,18,18,17,17,17,17,18,18,17,18,18,18,17,19,19,18,20,20,20,21,19,18,19,18,18,19,17,18,18,18,18,18,18,18,18,20,19,17,19,19,17,17,18,18,18,17,18,19,18,19,18,18,18,18,18,17,20,17,18,18,18,18,17,18,18,18,19,18,17,17,18,18,18,18,17,19,18,18,18,18,18,18,19,18,19,18,18,19,18,17,17,18,18,18,18,18,18,19,18,18,18,18,19,18,18,17,17,18,18,19,18,18,18,17,17,18,19,18,19,17,17,18,18,18,17,17,18,19,18,18,17,17,19,18,18,18,19,18,19,18,18,17,19,18,18,17,18,20,20,18,18,18,17,17,17,18,17,17,18,19,19,18,18,18,18,18,18,17,18,18,18,18,19,18,17,17,18,18,18,19,18,18,17,18,18,18,18,17,18,18,17,17,18,17,17,18,18,20,18,19,17,18,18,17,18,17,17,18,18,18,18,17,17,19,18,18,18,18,18,18,18,17,18,18,18,18,17,18,17,17,18,18,17,18,18,18,18,19,18,18,18,18,17,20,17,18,18,17,18,18,17,18,17,18,17,17,17,18,19,18,18,17,18,18,18,18,18,18,17,17,19,18,18,19,17,18,17,17,18,18,17,17,18,19,19,18,17,18,17,17,17,17,18,18,18,18,18,17,18,17,18,17,19,17,17,17,18,18,19,18,18,18,18,19,17,18,18,18,17,17,18,20,18,18,17,18,18,18,18,18,17,17,18,21,18,18,17,18,18,17,17,17,17,18,18,20,19,17,18,18,17,18,17,17,19,17,18,18,18,19,18,17,18,18,18,18,17,18,17,18,18,19,18,17,17,18,18,18,17,18,18,17,18,17,17,19,18,18,18,17,18,18,19,18,19,19,17,17,18,17,17,17,17,18,18,18,18,18,18,18,17,18,17,17,17,18,18,18,18,18,18,18,18,18,18,20,18,18,17,18,18,18,17,17,19,18,18,17,17,18,17,17,19,19,18,19,17,18,17,19,17,17,18,17,17,18,22,18,17,18,18,19,17,17,17,17,18,19,18,17,17,17,17,17,18,18,17,17,17,17,18,18,17,21,18,18,18,19,17,18,19,18,18,19,18,18,19,18,17,17,17,17,17],"ExtractionTimes":[0,0,0,0,0,0,0,0,0,0,0,0,0,0,0,0,0,0,0,0,0,0,0,0,0,0,0,0,0,0,0,0,0,0,0,0,0,0,0,0,0,0,0,0,0,0,0,0,0,0,0,0,0,0,0,0,0,0,0,0,0,0,0,0,0,0,0,0,0,0,0,0,0,0,0,0,0,0,0,0,0,0,0,0,0,0,0,0,0,0,0,0,0,0,0,0,0,0,0,0,0,0,0,0,0,0,0,0,0,0,0,0,0,0,0,0,0,0,0,0,0,0,0,0,0,0,0,0,0,0,0,0,0,0,0,0,0,0,0,0,0,0,0,0,0,0,0,0,0,0,0,0,0,0,0,0,0,0,0,0,0,0,0,0,0,0,0,0,0,0,0,0,0,0,0,0,0,0,0,0,0,0,0,0,0,0,0,0,0,0,0,0,0,0,0,0,0,0,0,0,0,0,0,0,0,0,0,0,0,0,0,0,0,0,0,0,0,0,0,0,0,0,0,0,0,0,0,0,0,0,0,0,0,0,0,0,0,0,0,0,0,0,0,0,0,0,0,0,0,0,0,0,0,0,0,0,0,0,0,0,0,0,0,0,0,0,0,0,0,0,0,0,0,0,0,0,0,0,0,0,0,0,0,0,0,0,0,0,0,0,0,0,0,0,0,0,0,0,0,0,0,0,0,0,0,0,0,0,0,0,0,0,0,0,0,0,0,0,0,0,0,0,0,0,0,0,0,0,0,0,0,0,0,0,0,0,0,0,0,0,0,0,0,0,0,0,0,0,0,0,0,0,0,0,0,0,0,0,0,0,0,0,0,0,0,0,0,0,0,0,0,0,0,0,0,0,0,0,0,0,0,0,0,0,0,0,0,0,0,0,0,0,0,0,0,0,0,0,0,0,0,0,0,0,0,0,0,0,0,0,0,0,0,0,0,0,0,0,0,0,0,0,0,0,0,0,0,0,0,0,0,0,0,0,0,0,0,0,0,0,0,0,0,0,0,0,0,0,0,0,0,0,0,0,0,0,0,0,0,0,0,0,0,0,0,0,0,0,0,0,0,0,0,0,0,0,0,0,0,0,0,0,0,0,0,0,0,0,0,0,0,0,0,0,0,0,0,0,0,0,0,0,0,0,0,0,0,0,0,0,0,0,0,0,0,0,0,0,0,0,0,0,0,0,0,0,0,0,0,0,0,0,0,0,0,0,0,0,0,0,0,0,0,0,0,0,0,0,0,0,0,0,0,0,0,0,0,0,0,0,0,0,0,0,0,0,0,0,0,0,0,0,0,0,0,0,0,0,0,0,0,0,0,0,0,0,0,0,0,0,0,0,0,0,0,0,0,0,0,0,0,0,0,0,0,0,0,0,0,0,0,0,0,0,0,0,0,0,0,0,0,0,0,0,0,0,0,0,0,0,0,0,0,0,0,0,0,0,0,0,0,0,0,0,0,0,0,0,0,0,0,0,0,0,0,0,0,0,0,0,0,0,0,0,0,0,0,0,0,0,0,0,0,0,0,0,0,0,0,0,0,0,0,0,0,0,0,0,0,0,0,0,0,0,0,0,0,0,0,0,0,0,0,0,0,0,0,0,0,0,0,0,0,0,0,0,0,0,0,0,0,0,0,0,0,0,0,0,0,0,0,0,0,0,0,0,0,0,0,0,0,0,0,0,0,0,0,0,0,0,0,0,0,0,0,0,0,0,0,0,0,0,0,0,0,0,0,0,0,0,0,0,0,0,0,0,0,0,0,0,0,0,0,0,0,0,0,0,0,0,0,0,0,0,0,0,0,0,0,0,0,0,0,0,0,0,0,0,0,0,0,0,0,0,0,0,0,0,0,0,0,0,0,0,0,0,0,0,0,0,0,0,0,0,0,0,0,0,0,0,0,0,0,0,0,0,0,0,0,0,0,0,0,0,0,0,0,0,0,0,0,0,0,0,0,0,0,0,0,0,0,0,0,0,0,0,0,0,0,0,0,0,0,0,0,0,0,0,0,0,0,0,0,0,0,0,0,0,0,0,0,0,0,0,0,0,0,0,0,0,0,0,0,0,0,0,0,0,0,0,0,0,0,0,0,0,0,0,0,0,0,0,0,0,0,0,0,0,0,0,0,0,0,0,0,0,0,0,0,0,0,0,0,0,0,0,0,0,0,0,0,0,0,0,0,0,0,0,0,0,0,0,0,0,0,0,0,0,0,0,0,0,0,0,0,0,0,0,0,0,0,0,0,0,0,0,0,0,0,0]}