{"RunId":"a40911a4","WorkbookPath":"C:\\Users\\jdekk\\source\\uva\\master-thesis\\spreadsheets\\Holiday budget planner (Adapted).xlsx","Count":1000,"WallTime":58023,"InsertionTime":{"Total":0,"Mean":0,"Std":0,"StdErr":0,"Conf95":{},"Quartile25":0,"Quartile50":0,"Quartile75":0,"IQR":0,"Min":0,"Max":0,"Outliers":[]},"CalculationTime":{"Total":17324,"Mean":17.481331987891018,"Std":0.8618775849799589,"StdErr":0.027378443786092378,"Conf95":{},"Quartile25":17,"Quartile50":17,"Quartile75":18,"IQR":1,"Min":15,"Max":107,"Outliers":[22,22,107,36]},"ExtractionTime":{"Total":0,"Mean":0,"Std":0,"StdErr":0,"Conf95":{},"Quartile25":0,"Quartile50":0,"Quartile75":0,"IQR":0,"Min":0,"Max":0,"Outliers":[]},"InsertionTimes":[0,0,0,0,0,0,0,0,0,0,0,0,0,0,0,0,0,0,0,0,0,0,0,0,0,0,0,0,0,0,0,0,0,0,0,0,0,0,0,0,0,0,0,0,0,0,0,0,0,0,0,0,0,0,0,0,0,0,0,0,0,0,0,0,0,0,0,0,0,0,0,0,0,0,0,0,0,0,0,0,0,0,0,0,0,0,0,0,0,0,0,0,0,0,0,0,0,0,0,0,0,0,0,0,0,0,0,0,0,0,0,0,0,0,0,0,0,0,0,0,0,0,0,0,0,0,0,0,0,0,0,0,0,0,0,0,0,0,0,0,0,0,0,0,0,0,0,0,0,0,0,0,0,0,0,0,0,0,0,0,0,0,0,0,0,0,0,0,0,0,0,0,0,0,0,0,0,0,0,0,0,0,0,0,0,0,0,0,0,0,0,0,0,0,0,0,0,0,0,0,0,0,0,0,0,0,0,0,0,0,0,0,0,0,0,0,0,0,0,0,0,0,0,0,0,0,0,0,0,0,0,0,0,0,0,0,0,0,0,0,0,0,0,0,0,0,0,0,0,0,0,0,0,0,0,0,0,0,0,0,0,0,0,0,0,0,0,0,0,0,0,0,0,0,0,0,0,0,0,0,0,0,0,0,0,0,0,0,0,0,0,0,0,0,0,0,0,0,0,0,0,0,0,0,0,0,0,0,0,0,0,0,0,0,0,0,0,0,0,0,0,0,0,0,0,0,0,0,0,0,0,0,0,0,0,0,0,0,0,0,0,0,0,0,0,0,0,0,0,0,0,0,0,0,0,0,0,0,0,0,0,0,0,0,0,0,0,0,0,0,0,0,0,0,0,0,0,0,0,0,0,0,0,0,0,0,0,0,0,0,0,0,0,0,0,0,0,0,0,0,0,0,0,0,0,0,0,0,0,0,0,0,0,0,0,0,0,0,0,0,0,0,0,0,0,0,0,0,0,0,0,0,0,0,0,0,0,0,0,0,0,0,0,0,0,0,0,0,0,0,0,0,0,0,0,0,0,0,0,0,0,0,0,0,0,0,0,0,0,0,0,0,0,0,0,0,0,0,0,0,0,0,0,0,0,0,0,0,0,0,0,0,0,0,0,0,0,0,0,0,0,0,0,0,0,0,0,0,0,0,0,0,0,0,0,0,0,0,0,0,0,0,0,0,0,0,0,0,0,0,0,0,0,0,0,0,0,0,0,0,0,0,0,0,0,0,0,0,0,0,0,0,0,0,0,0,0,0,0,0,0,0,0,0,0,0,0,0,0,0,0,0,0,0,0,0,0,0,0,0,0,0,0,0,0,0,0,0,0,0,0,0,0,0,0,0,0,0,0,0,0,0,0,0,0,0,0,0,0,0,0,0,0,0,0,0,0,0,0,0,0,0,0,0,0,0,0,0,0,0,0,0,0,0,0,0,0,0,0,0,0,0,0,0,0,0,0,0,0,0,0,0,0,0,0,0,0,0,0,0,0,0,0,0,0,0,0,0,0,0,0,0,0,0,0,0,0,0,0,0,0,0,0,0,0,0,0,0,0,0,0,0,0,0,0,0,0,0,0,0,0,0,0,0,0,0,0,0,0,0,0,0,0,0,0,0,0,0,0,0,0,0,0,0,0,0,0,0,0,0,0,0,0,0,0,0,0,0,0,0,0,0,0,0,0,0,0,0,0,0,0,0,0,0,0,0,0,0,0,0,0,0,0,0,0,0,0,0,0,0,0,0,0,0,0,0,0,0,0,0,0,0,0,0,0,0,0,0,0,0,0,0,0,0,0,0,0,0,0,0,0,0,0,0,0,0,0,0,0,0,0,0,0,0,0,0,0,0,0,0,0,0,0,0,0,0,0,0,0,0,0,0,0,0,0,0,0,0,0,0,0,0,0,0,0,0,0,0,0,0,0,0,0,0,0,0,0,0,0,0,0,0,0,0,0,0,0,0,0,0,0,0,0,0,0,0,0,0,0,0,0,0,0,0,0,0,0,0,0,0,0,0,0,0,0,0,0,0,0,0,0,0,0,0,0,0,0,0,0,0,0,0,0,0,0,0,0,0,0,0,0,0,0,0,0,0,0,0,0,0,0,0,0,0,0,0,0,0,0,0,0,0,0,0,0,0,0,0,0,0,0,0,0,0,0,0,0,0,0,0,0,0,0,0,0,0,0,0,0,0,0,0,0,0,0,0,0,0,0,0,0,0,0,0,0,0,0,0,0,0,0,0,0,0,0,0,0,0,0,0],"CalculationTimes":[37125,59,22,18,19,18,18,18,18,18,18,17,18,20,16,16,18,19,18,19,19,17,17,16,16,17,17,17,17,17,17,17,17,21,18,19,17,19,17,18,17,17,17,17,17,18,19,17,19,19,17,17,16,17,17,18,17,19,19,19,19,19,17,17,18,17,17,17,18,16,18,18,18,17,17,20,18,17,17,16,19,18,19,17,17,17,19,18,17,17,17,16,16,16,17,17,19,18,18,18,17,16,18,16,17,17,17,18,19,18,19,17,18,17,17,18,15,17,18,17,18,17,18,18,19,18,17,17,17,20,18,19,18,20,18,17,17,21,18,18,18,18,18,17,17,17,17,19,18,17,18,18,20,19,18,18,18,18,22,17,18,18,17,19,17,17,17,19,17,19,18,20,18,18,19,17,17,18,17,18,17,18,17,17,18,17,16,19,17,18,17,17,17,16,20,17,19,17,17,19,18,17,18,18,17,17,17,18,18,18,17,18,17,17,18,17,17,17,20,17,19,17,17,16,17,17,17,17,18,17,17,17,17,20,19,18,17,17,19,17,16,17,17,17,17,18,17,19,17,17,18,17,17,18,17,17,17,21,19,18,17,19,18,17,18,18,17,18,18,19,17,18,18,17,18,18,18,17,17,17,19,18,17,18,18,17,18,19,17,17,17,17,17,17,17,18,18,18,17,17,17,17,17,16,17,18,17,17,20,17,17,18,19,17,18,17,17,17,18,20,17,17,17,17,17,18,17,18,17,17,18,22,19,18,18,17,19,17,19,18,16,17,17,17,18,18,18,18,17,17,17,17,17,17,17,19,19,18,17,19,18,18,18,17,20,18,17,17,17,18,18,17,17,17,17,17,17,17,17,17,18,19,18,18,18,18,17,18,18,18,17,18,18,19,18,19,17,18,19,17,18,17,17,17,17,20,17,19,17,18,17,17,17,18,16,17,17,18,19,18,17,18,19,17,17,17,17,18,17,17,19,18,18,17,18,17,18,17,17,17,16,16,17,17,18,18,17,18,18,17,17,17,18,17,16,18,17,17,17,17,17,17,17,17,17,18,17,17,17,18,17,17,18,17,17,17,17,17,20,18,18,17,17,18,18,18,18,16,16,17,17,18,18,19,18,18,19,17,17,17,17,16,17,17,19,19,17,17,16,19,17,17,17,19,17,17,17,17,18,19,18,17,17,17,19,17,17,17,17,18,18,20,18,20,17,17,18,17,17,17,18,19,17,18,18,17,18,17,17,17,17,17,17,17,18,17,18,17,17,17,17,17,16,17,18,19,17,17,17,18,17,17,17,17,16,17,17,19,19,18,17,16,17,17,17,17,17,16,17,17,17,17,18,17,17,16,17,18,17,17,16,18,17,18,18,17,16,17,17,17,17,17,17,18,18,16,18,19,17,18,17,18,17,18,16,17,17,18,17,17,17,17,18,19,18,17,17,17,17,17,16,19,16,17,17,18,17,17,17,17,17,17,17,17,17,17,17,17,18,17,17,17,20,18,17,17,18,17,17,17,17,17,17,17,16,17,17,17,19,17,17,18,16,17,17,18,18,17,17,17,17,18,17,17,16,16,17,19,17,16,17,17,17,18,18,17,18,17,17,17,17,17,16,17,17,16,18,19,17,17,17,17,17,17,19,17,18,17,17,18,19,17,16,17,18,17,18,17,17,17,18,18,18,17,17,17,18,18,17,17,17,17,17,17,17,18,19,18,17,17,17,19,17,17,18,17,18,17,18,16,17,17,18,17,17,17,17,17,16,19,18,20,18,18,18,18,18,17,17,18,17,17,19,18,17,17,19,17,17,16,18,16,17,18,18,19,20,17,18,19,18,17,17,17,18,16,18,18,18,18,19,17,17,17,17,17,17,17,18,18,18,20,18,17,18,17,18,17,17,17,18,17,17,18,19,17,18,18,17,18,18,17,18,19,18,17,17,18,18,17,17,17,17,17,19,18,19,19,17,18,18,19,17,17,17,17,17,18,20,17,18,18,19,17,18,17,17,17,17,17,18,18,18,18,17,18,16,17,18,18,17,18,17,19,107,36,17,18,17,18,17,18,18,17,17,16,17,17,18,18,18,17,16,17,17,17,17,17,18,18,19,17,18,17,16,17,16,17,17,17,19,17,17,17,17,17,17,17,16,17,17,18,17,17,17,17,17,18,17,18,17,16,17,17,17,17,16,16,17,17,18,17,16,16,18,19,17,18,17,16,17,17,17,17,18,16,17,19,17,17,16,17,19,17,19,17,18,17,17,17],"ExtractionTimes":[0,0,0,0,0,0,0,0,0,0,0,0,0,0,0,0,0,0,0,0,0,0,0,0,0,0,0,0,0,0,0,0,0,0,0,0,0,0,0,0,0,0,0,0,0,0,0,0,0,0,0,0,0,0,0,0,0,0,0,0,0,0,0,0,0,0,0,0,0,0,0,0,0,0,0,0,0,0,0,0,0,0,0,0,0,0,0,0,0,0,0,0,0,0,0,0,0,0,0,0,0,0,0,0,0,0,0,0,0,0,0,0,0,0,0,0,0,0,0,0,0,0,0,0,0,0,0,0,0,0,0,0,0,0,0,0,0,0,0,0,0,0,0,0,0,0,0,0,0,0,0,0,0,0,0,0,0,0,0,0,0,0,0,0,0,0,0,0,0,0,0,0,0,0,0,0,0,0,0,0,0,0,0,0,0,0,0,0,0,0,0,0,0,0,0,0,0,0,0,0,0,0,0,0,0,0,0,0,0,0,0,0,0,0,0,0,0,0,0,0,0,0,0,0,0,0,0,0,0,0,0,0,0,0,0,0,0,0,0,0,0,0,0,0,0,0,0,0,0,0,0,0,0,0,0,0,0,0,0,0,0,0,0,0,0,0,0,0,0,0,0,0,0,0,0,0,0,0,0,0,0,0,0,0,0,0,0,0,0,0,0,0,0,0,0,0,0,0,0,0,0,0,0,0,0,0,0,0,0,0,0,0,0,0,0,0,0,0,0,0,0,0,0,0,0,0,0,0,0,0,0,0,0,0,0,0,0,0,0,0,0,0,0,0,0,0,0,0,0,0,0,0,0,0,0,0,0,0,0,0,0,0,0,0,0,0,0,0,0,0,0,0,0,0,0,0,0,0,0,0,0,0,0,0,0,0,0,0,0,0,0,0,0,0,0,0,0,0,0,0,0,0,0,0,0,0,0,0,0,0,0,0,0,0,0,0,0,0,0,0,0,0,0,0,0,0,0,0,0,0,0,0,0,0,0,0,0,0,0,0,0,0,0,0,0,0,0,0,0,0,0,0,0,0,0,0,0,0,0,0,0,0,0,0,0,0,0,0,0,0,0,0,0,0,0,0,0,0,0,0,0,0,0,0,0,0,0,0,0,0,0,0,0,0,0,0,0,0,0,0,0,0,0,0,0,0,0,0,0,0,0,0,0,0,0,0,0,0,0,0,0,0,0,0,0,0,0,0,0,0,0,0,0,0,0,0,0,0,0,0,0,0,0,0,0,0,0,0,0,0,0,0,0,0,0,0,0,0,0,0,0,0,0,0,0,0,0,0,0,0,0,0,0,0,0,0,0,0,0,0,0,0,0,0,0,0,0,0,0,0,0,0,0,0,0,0,0,0,0,0,0,0,0,0,0,0,0,0,0,0,0,0,0,0,0,0,0,0,0,0,0,0,0,0,0,0,0,0,0,0,0,0,0,0,0,0,0,0,0,0,0,0,0,0,0,0,0,0,0,0,0,0,0,0,0,0,0,0,0,0,0,0,0,0,0,0,0,0,0,0,0,0,0,0,0,0,0,0,0,0,0,0,0,0,0,0,0,0,0,0,0,0,0,0,0,0,0,0,0,0,0,0,0,0,0,0,0,0,0,0,0,0,0,0,0,0,0,0,0,0,0,0,0,0,0,0,0,0,0,0,0,0,0,0,0,0,0,0,0,0,0,0,0,0,0,0,0,0,0,0,0,0,0,0,0,0,0,0,0,0,0,0,0,0,0,0,0,0,0,0,0,0,0,0,0,0,0,0,0,0,0,0,0,0,0,0,0,0,0,0,0,0,0,0,0,0,0,0,0,0,0,0,0,0,0,0,0,0,0,0,0,0,0,0,0,0,0,0,0,0,0,0,0,0,0,0,0,0,0,0,0,0,0,0,0,0,0,0,0,0,0,0,0,0,0,0,0,0,0,0,0,0,0,0,0,0,0,0,0,0,0,0,0,0,0,0,0,0,0,0,0,0,0,0,0,0,0,0,0,0,0,0,0,0,0,0,0,0,0,0,0,0,0,0,0,0,0,0,0,0,0,0,0,0,0,0,0,0,0,0,0,0,0,0,0,0,0,0,0,0,0,0,0,0,0,0,0,0,0,0,0,0,0,0,0,0,0,0,0,0,0,0,0,0,0,0,0,0,0,0,0,0,0,0,0,0,0,0,0,0,0,0,0,0,0,0,0,0,0,0,0,0,0,0,0,0,0,0,0,0,0,0,0,0,0,0,0,0,0,0,0,0,0,0,0,0,0,0,0,0]}