{"Count":1000,"WallTime":28096.1709,"InsertionTime":21538.4517,"CalculationTime":3080.6017,"OutputTime":3473.8452,"AverageOutputTime":3.4738452000000004,"AverageCalculationTime":3.0806017000000003,"AverageInsertionTime":21.538451700000003,"CalculationTimes":[26155,24130,21905,21706,20308,20290,21105,27613,25023,23373,22319,22440,20144,23784,24115,23447,23102,19409,22030,20597,23962,25422,30747,26502,25739,23962,22300,22878,27295,24000,25108,23561,19968,21314,21817,22209,26166,28933,23561,19415,18033,22349,21739,29846,27597,23318,22349,20078,20826,19042,20885,20610,22046,20319,25023,25890,28513,26343,28927,28132,27697,30166,28047,26454,26008,26304,23510,26098,28535,27634,25852,29413,26104,25473,28730,27128,28785,28265,29689,31248,28109,27184,29746,27873,28148,25615,26817,26332,28820,25379,27815,26735,28266,26764,27219,25668,27616,27150,27407,27983,29880,33268,30321,39840,28791,27439,27127,27170,32438,26064,27124,28114,26234,29383,29495,26079,28163,28282,31991,34323,27862,33262,28184,28988,30742,26586,29066,27781,26608,29619,27848,28624,31028,35827,27521,27044,27572,29525,27365,30897,24879,24056,28862,27030,29263,27370,30092,32260,32464,27338,30345,26596,32218,30938,29084,27440,27642,28025,30438,32465,26371,30195,30956,27589,27720,27838,27987,29246,26890,27896,27834,27976,29442,25345,26762,28724,27888,27002,27043,28283,26652,27638,28539,26268,28249,30005,29909,32435,29139,32059,30940,29345,29907,28352,29150,28271,29698,30105,28637,29235,27007,29193,29515,29849,29659,31562,31071,26430,26540,29281,28926,29261,29131,27928,25968,28865,26292,28763,30767,31569,27496,29142,30580,28021,28003,26738,29074,27315,28066,29395,31085,30340,27465,28822,28510,33499,31897,30531,27793,29712,29624,29310,28875,31746,28923,29006,32812,32422,28276,31399,30851,30537,28845,28065,29405,32424,27297,28749,32542,29216,27312,28915,28511,33755,29292,33344,38571,28459,30437,29425,29159,30296,29161,32545,30034,29683,28268,28881,30221,28111,28167,25883,28761,29100,27843,28839,31073,33548,29607,28821,27698,31886,28122,29149,28232,30772,27757,28525,28418,29232,28207,29829,28648,33629,30722,31370,30582,29180,30231,27110,28344,31583,30776,30089,28529,28788,29251,36652,27871,30574,44497,31259,28019,27087,30803,36330,29823,29542,35178,29905,36643,29366,36000,31477,29323,30629,29325,32121,29188,36045,30201,31686,28388,27880,29235,31582,30421,35335,30508,31708,33969,29168,30816,27672,29163,30890,30761,30789,32045,29161,29954,26878,32985,29464,29669,30805,29363,29356,30744,28158,30244,33240,30989,29289,29219,34790,33686,31172,32504,26990,28296,29387,28915,29855,30301,26099,35201,30220,29207,35327,32852,29736,30284,27572,30188,29963,27529,29523,31167,31468,32152,29892,30751,30495,30269,29330,29259,31901,27445,30712,30105,29939,36212,37545,29709,28218,30068,28416,34284,29812,31754,29994,32281,30025,33900,29106,28798,32147,30223,30240,36787,30504,31060,30040,29314,31428,31659,29441,30496,30918,33088,31040,29062,32278,28202,31732,31255,32306,33419,35001,29029,30964,27309,29101,29102,33387,28970,31526,29916,29287,28678,32086,28285,28328,30030,30934,34452,30037,29932,32140,30404,32497,32332,32931,31333,31365,30285,29152,31004,31225,34131,30721,29631,33545,31169,29173,31221,30487,30059,31013,30731,30438,32043,29461,28227,34140,28554,32552,30005,28326,31949,32067,27134,43173,34830,31712,28083,28304,30286,29141,36829,31668,32115,29793,31232,29407,29911,31306,31550,30237,30891,30181,31150,30143,30540,28900,29336,31379,29895,30923,30275,32494,29950,30568,29140,33655,30463,32853,31972,31574,34235,30251,31662,34192,31309,29448,32129,31188,35781,31672,32802,33714,27529,31472,31912,29850,31975,33049,32580,33154,31039,29173,30450,29621,31587,31698,33702,29905,33316,31490,31842,29611,31674,31858,30675,31160,30937,30005,30763,32176,30912,32242,33181,33184,45991,30529,31348,31828,30330,31625,31547,29212,31510,31286,32448,34066,30955,31305,32893,31102,34184,32899,29010,31329,31771,31162,29402,30089,32633,30888,34046,30469,32072,34764,30834,30790,29679,31862,32573,31592,34710,31665,31753,33059,28858,31724,32036,31984,28936,31205,29976,31066,31364,32043,32598,31230,32042,30556,31423,30083,33543,31480,34499,30066,30102,31953,30986,34799,33356,30916,32092,28711,29614,30690,33386,35392,30991,32215,32787,33666,34310,32213,31487,30912,31421,32965,33457,30969,29269,32229,30595,32014,32088,31739,31809,31715,31121,32005,33085,31741,33166,39798,31625,31877,31317,32980,32074,31037,32228,31684,30056,31567,32844,29980,30527,31555,31359,34932,31905,32617,30924,34038,31568,30450,32993,33150,34245,31043,32899,31208,33817,32637,32621,32466,33271,30456,30680,30829,31442,36446,33967,32625,33559,31963,32817,37038,31765,31578,30780,30952,32542,35015,32149,32910,34653,30309,32384,32288,31501,31565,31804,32059,32518,32354,30647,32113,32743,31823,27938,32678,33064,32393,29717,28707,32066,33369,33381,31962,32162,30925,33668,30066,32616,32385,36358,32480,31858,31751,31354,32525,32182,36024,31883,36058,34042,32716,35726,32078,31202,31716,32958,31522,32757,32456,31942,33296,33852,39018,30009,33426,33513,31761,32529,38634,35012,30989,35205,32368,32631,34334,30196,35419,30110,31277,30482,34353,33271,30688,31746,31010,35572,36243,33456,32126,32764,33512,31380,31971,32953,33318,30010,33578,32626,31110,33304,39012,30408,34354,34910,37191,32955,33926,32868,33985,34096,31777,33633,31575,32060,32393,32099,33619,32127,33934,33370,31995,32115,31820,32660,32786,33226,39096,31650,34003,33584,32158,31158,31128,39630,29725,31873,32967,32683,32207,32269,35145,34307,32804,31584,31913,30209,34016,34002,34233,33073,31742,32118,33581,32829,33132,31442,32923,30706,33669,32370,33429,32025,35984,32462,33583,32614,35553,37319,36635,32424,32541,32459,32596,33389,34017,37922,33216,33190,33886,32206,33163,34055,32941,33473,33464,34729,32689,32372,30914,32372,32808,33383,32817,34093,33431,33671,31945,32618,32731,33885,33448,33535,34209,33989,37897,34372,33164,33743,32211,33645,31366,33619,33293,31859,46073,32380,32912,37219,34476,36969,33637,33877,33594,33438,34591,33119,34580,33263,34667,32868,33469,35192,35565,36074,33265,33490,34564,34985,35204,35280,33105,33293,33336,33492,32822,33665,34859,36126,33981,33635,32653,35880,33181,33405,37070,29607,34063,33855,33127,34678,32646,34068,32274,33087,34250,36760,33896,38968,35595,34179,31805,33343,33759,34109,31693]}