{"Count":1000,"WallTime":30668.4,"InsertionTime":23696.7629,"CalculationTime":3121.2192,"OutputTime":3835.9801,"AverageOutputTime":3.8359801,"AverageCalculationTime":3.1212192,"AverageInsertionTime":23.696762900000003,"CalculationTimes":[27661,23223,26484,21478,25194,20786,23778,36724,26869,25283,25742,22472,26603,24991,25565,23377,21165,20712,18679,21495,19479,21268,24738,24746,23130,25373,23460,19444,22038,22806,23905,23811,24864,23488,21878,20241,22917,23897,20837,19374,21638,20903,20479,24030,21177,23529,21798,21844,28059,29501,22943,22381,25228,25222,23994,40478,25482,20602,27438,20962,24655,24479,24437,29870,27481,25746,27578,28618,29330,26971,26519,29071,28550,26747,29270,25891,26386,27563,26188,25937,29135,31633,32518,30764,30729,30603,23379,26562,27410,30290,25423,28341,27200,29156,27859,29832,26419,27201,27390,28029,29542,29204,27063,27256,28182,26258,27538,26722,27390,28572,28331,27537,29172,30961,28746,29212,28594,29747,30933,25975,27232,31943,28190,33136,31541,29963,30050,27577,29376,27205,29488,27806,31234,29612,29327,28736,29354,27080,29782,27904,28874,26983,26990,31013,28395,35257,29106,28533,28121,27656,28075,29734,30398,29581,27712,28554,30053,27283,29889,26057,33742,28714,29928,30127,30266,29938,30620,27430,30030,30749,29076,34099,32632,35615,29839,26249,35248,31539,27744,28012,29906,29044,29332,29605,29832,27422,29426,27775,26494,30337,32343,29244,32202,27349,26236,31230,30223,28535,27032,32486,26616,28552,30620,28568,27509,30770,28242,28715,26078,27237,26475,28530,26757,29021,26248,31064,28888,28368,33565,32779,29117,28610,30591,27189,33250,28111,31877,31301,28006,30606,28617,31569,40982,28482,28336,29998,28168,30018,27178,31196,29268,31590,31615,31082,29015,31575,29063,28057,30199,29751,27561,29474,29713,29948,26932,27742,31059,28313,27476,28087,29250,26141,29211,29754,29719,31361,29342,32786,31678,26841,28307,29906,33769,30027,28804,31202,28821,34163,27933,30071,30899,27572,31273,29240,28467,30882,32529,39855,28684,31500,28277,29490,29179,28724,28675,28842,31330,30511,28249,29383,28448,32025,34731,28995,29921,28320,30091,31091,31487,27596,28038,27162,40210,30492,30092,30542,32951,29270,28694,30020,31131,36712,36401,30956,25006,27318,29571,31347,28566,31083,30408,32010,29290,31636,30552,30990,27311,32647,31654,36538,31590,29453,30018,29698,34152,38058,31862,28383,28554,28464,26185,29383,29797,31237,32027,29635,31493,29994,30685,28350,27301,29198,32718,28582,29765,31621,30963,28651,29548,32228,30001,29683,28474,28575,28234,30887,29912,34372,33761,32222,30999,29830,32945,28910,30368,32459,31909,28458,29360,31026,31167,31884,30382,31346,28616,29369,31354,31988,29027,31330,29822,34724,31471,29963,29746,30342,35270,30152,31407,31095,32665,36759,31637,30000,29790,29349,30861,30749,30590,29441,30947,30059,33875,32789,29961,31517,30804,23123,29989,29632,30231,31337,28730,34630,29840,30083,30436,31611,31015,29929,30562,30920,30270,33007,31091,32518,31944,30795,30984,30808,30093,30292,29802,31792,32642,50386,35856,36903,31875,42394,31734,32417,37456,32245,33039,31152,32323,40110,28705,32885,32447,34147,31250,30479,28654,33601,29312,30835,29707,29587,30885,30634,33497,31736,31459,32799,30622,32273,31594,30102,31956,30229,32931,31036,34181,32236,36635,35609,34852,31174,35110,36552,42981,33448,30372,29735,30168,29275,31493,32722,29930,37438,31150,30522,35237,33580,35120,32185,34369,35384,33420,40952,29953,30734,30678,31493,33023,32367,31864,34027,31490,32540,42295,33168,28709,43326,34433,30003,29688,30934,33959,29855,39679,37593,31525,42298,33005,33270,29927,28690,32966,32171,32632,31105,28970,31065,31895,30755,31284,34964,30771,31219,29585,30623,33034,30699,31841,35716,31983,31543,30962,30890,30065,30020,36750,30324,32240,32055,31069,33036,31095,31439,34341,31326,31979,32064,35502,35952,32228,31448,32090,36414,29570,31398,32085,29872,32379,32845,32300,30637,36995,34746,33324,30368,31114,32163,31470,31619,30135,32342,36912,30779,30458,34389,30152,30908,30670,31275,31777,34265,31224,31461,31152,31116,35782,31960,30074,31132,29376,31712,32136,32150,35040,30915,30109,33519,32807,31016,32892,32440,30804,34565,35272,29307,32234,31123,31795,29615,31995,33006,30948,31422,30668,31201,31881,31711,29993,32855,30824,31382,34677,33254,30751,31168,32468,32518,35843,32690,32273,32586,31502,32158,33011,31041,31601,33442,31490,33413,33368,31893,33583,31783,31675,30573,31980,31079,32825,28862,31388,33549,29393,30591,29341,33382,32205,32371,33923,32627,38433,33017,35327,31954,31337,29734,32730,31321,33091,31883,32020,32124,32907,32001,35189,31316,32750,31875,32944,33670,32643,31112,32167,30714,30976,35072,34779,32887,30942,31318,32479,38482,33379,33103,31208,33395,31629,32955,31452,32601,30955,35067,36219,32623,32760,31745,31242,32422,32185,32202,34333,36472,34370,31234,31605,34077,30927,34917,31474,31101,30904,33136,38128,31123,36485,33235,32485,29413,31730,34831,29752,35827,33177,31920,31219,32265,32840,32525,33696,32010,32470,34979,35188,32158,33054,34727,34473,31900,31525,42834,31083,32065,33689,31600,31690,34181,33075,32368,34092,32007,32607,33824,34027,34783,42608,32676,33422,31378,31755,33065,32736,32074,32694,31958,34917,32446,34855,31217,32730,32493,30511,32279,32359,32679,34643,31252,32809,31476,31400,35327,32654,35173,33095,32778,33088,32589,33045,32847,32298,34632,33401,33394,34420,33484,32547,35151,32155,32451,32103,35546,35789,33331,32955,31786,33097,31375,33036,31520,33142,32578,31635,34233,33271,32580,32520,32515,32793,34223,31430,31552,32599,33359,32389,33707,32323,34407,30819,32999,32950,33159,32909,31297,32853,33266,34953,33706,37434,36353,36344,35236,30883,31641,33234,34524,32317,30413,30807,36809,35709,32514,35245,33484,33241,35294,32475,31463,32037,35643,33310,34490,36905,35375,32220,34211,33351,34025,33551,34104,33566,33036,33405,32953,33281,33196,34194,33335,34119,35981,33952,37358,35506,33320,34353,33624,33548,34601,35928,32131,34790,33912,33451,37106,34951,33709,31582,32616,33388,34212,35579,34112,34664,38136,33113,34337,35036,36116,33670,34969,35043,32807,34522,34891,33515,32260,39694,35588,34328,34791,34458,32990,31035,49458,32586,31476,33090,34512,35377,33594,34863,34206,33536,33234,34419,33708,33353,34909,34278,33619,32751,33187,35909,33678,35963,32640,32937,35983,35208,35203,37279,33484,40055,33246]}